id,resource,resource/identifier,resource/alternateIdentifiers/alternateIdentifier,resource/relatedIdentifiers/relatedIdentifier,resource/titles/title,resource/rights,resource/creators/creator/creatorName,resource/descriptions/description,resource/subjects/subject,resource/resourceType,resource/publicationYear,resource/publisher,resource/dates/date,resource/creators/creator/nameIdentifier,date
oai:figshare.com:article/8153486,1,1,1,1,1,1,1,1,1,1,1,1,1,0,2019
oai:figshare.com:article/8153477,1,1,1,1,1,1,1,1,1,1,1,1,1,0,2019
oai:figshare.com:article/8117927,1,1,1,1,1,1,1,1,1,1,1,1,1,0,2019
oai:figshare.com:article/6373736,1,1,1,1,1,1,1,1,1,1,1,1,1,1,2019
oai:figshare.com:article/8153447,1,1,1,0,1,1,1,1,1,1,1,1,1,0,2019
oai:figshare.com:article/8153441,1,1,1,0,1,1,1,1,1,1,1,1,1,0,2019
oai:figshare.com:article/8153438,1,1,1,0,1,1,1,1,1,1,1,1,1,0,2019
oai:figshare.com:article/8153435,1,1,1,0,1,1,1,1,1,1,1,1,1,0,2019
oai:figshare.com:article/8153432,1,1,1,0,1,1,1,1,1,1,1,1,1,0,2019
oai:figshare.com:article/8153429,1,1,1,0,1,1,1,1,1,1,1,1,1,0,2019
oai:figshare.com:article/8153426,1,1,1,0,1,1,1,1,1,1,1,1,1,0,2019
oai:figshare.com:article/8153423,1,1,1,0,1,1,1,1,1,1,1,1,1,0,2019
oai:figshare.com:article/8153420,1,1,1,0,1,1,1,1,1,1,1,1,1,0,2019
oai:figshare.com:article/8153417,1,1,1,0,1,1,1,1,1,1,1,1,1,0,2019
oai:figshare.com:article/8153414,1,1,1,0,1,1,1,1,1,1,1,1,1,0,2019
oai:figshare.com:article/8153411,1,1,1,0,1,1,1,1,1,1,1,1,1,0,2019
oai:figshare.com:article/7688966,1,1,1,1,1,1,1,1,1,1,1,1,1,0,2019
oai:figshare.com:article/8153402,1,1,1,1,1,1,1,1,1,1,1,1,1,0,2019
oai:figshare.com:article/8109026,1,1,1,1,1,1,1,1,1,1,1,1,1,0,2019
oai:figshare.com:article/8153399,1,1,1,1,1,1,1,1,1,1,1,1,1,0,2019
oai:figshare.com:article/8153396,1,1,1,1,1,1,1,1,1,1,1,1,1,0,2019
oai:figshare.com:article/8011352,1,1,1,1,1,1,1,1,1,1,1,1,1,0,2019
oai:figshare.com:article/8153234,1,1,1,1,1,1,1,1,1,1,1,1,1,0,2019
oai:figshare.com:article/8153192,1,1,1,1,1,1,1,1,1,1,1,1,1,0,2019
oai:figshare.com:article/8153342,1,1,1,1,1,1,1,1,1,1,1,1,1,0,2019
oai:figshare.com:article/8153336,1,1,1,1,1,1,1,1,1,1,1,1,1,0,2019
oai:figshare.com:article/8153327,1,1,1,1,1,1,1,1,1,1,1,1,1,0,2019
oai:figshare.com:article/8153306,1,1,1,1,1,1,1,1,1,1,1,1,1,0,2019
oai:figshare.com:article/8153297,1,1,1,1,1,1,1,1,1,1,1,1,1,0,2019
oai:figshare.com:article/8153294,1,1,1,1,1,1,1,1,1,1,1,1,1,0,2019
oai:figshare.com:article/8153288,1,1,1,1,1,1,1,1,1,1,1,1,1,0,2019
oai:figshare.com:article/8153291,1,1,1,1,1,1,1,1,1,1,1,1,1,0,2019
oai:figshare.com:article/7924688,1,1,1,1,1,1,1,1,1,1,1,1,1,0,2019
oai:figshare.com:article/8153282,1,1,1,1,1,1,1,1,1,1,1,1,1,0,2019
oai:figshare.com:article/8153279,1,1,1,0,1,1,1,1,1,1,1,1,1,0,2019
oai:figshare.com:article/8153276,1,1,1,0,1,1,1,1,1,1,1,1,1,0,2019
oai:figshare.com:article/8153273,1,1,1,0,1,1,1,1,1,1,1,1,1,0,2019
oai:figshare.com:article/8153270,1,1,1,0,1,1,1,1,1,1,1,1,1,0,2019
oai:figshare.com:article/8153267,1,1,1,0,1,1,1,1,1,1,1,1,1,0,2019
oai:figshare.com:article/8153264,1,1,1,0,1,1,1,1,1,1,1,1,1,0,2019
oai:figshare.com:article/8153261,1,1,1,0,1,1,1,1,1,1,1,1,1,0,2019
oai:figshare.com:article/8153246,1,1,1,1,1,1,1,1,1,1,1,1,1,0,2019
oai:figshare.com:article/8153237,1,1,1,1,1,1,1,1,1,1,1,1,1,0,2019
oai:figshare.com:article/7588649,1,1,1,1,1,1,1,1,1,1,1,1,1,0,2019
oai:figshare.com:article/8153231,1,1,1,1,1,1,1,1,1,1,1,1,1,0,2019
oai:figshare.com:article/8153228,1,1,1,1,1,1,1,1,1,1,1,1,1,0,2019
oai:figshare.com:article/8153216,1,1,1,1,1,1,1,1,1,1,1,1,1,0,2019
oai:figshare.com:article/8153219,1,1,1,1,1,1,1,1,1,1,1,1,1,0,2019
oai:figshare.com:article/8153210,1,1,1,1,1,1,1,1,1,1,1,1,1,0,2019
oai:figshare.com:article/8153213,1,1,1,1,1,1,1,1,1,1,1,1,1,0,2019
oai:figshare.com:article/8094761,1,1,1,1,1,1,1,1,1,1,1,1,1,0,2019
oai:figshare.com:article/8153195,1,1,1,1,1,1,1,1,1,1,1,1,1,0,2019
oai:figshare.com:article/8153006,1,1,1,1,1,1,1,1,1,1,1,1,1,0,2019
oai:figshare.com:article/8153186,1,1,1,1,1,1,1,1,1,1,1,1,1,0,2019
oai:figshare.com:article/8153189,1,1,1,1,1,1,1,1,1,1,1,1,1,0,2019
oai:figshare.com:article/8153183,1,1,1,1,1,1,1,1,1,1,1,1,1,0,2019
oai:figshare.com:article/8153177,1,1,1,1,1,1,1,1,1,1,1,1,1,0,2019
oai:figshare.com:article/8153174,1,1,1,1,1,1,1,1,1,1,1,1,1,0,2019
oai:figshare.com:article/8153180,1,1,1,1,1,1,1,1,1,1,1,1,1,0,2019
oai:figshare.com:article/8153168,1,1,1,1,1,1,1,1,1,1,1,1,1,0,2019
oai:figshare.com:article/8153171,1,1,1,1,1,1,1,1,1,1,1,1,1,0,2019
oai:figshare.com:article/8153165,1,1,1,1,1,1,1,1,1,1,1,1,1,0,2019
oai:figshare.com:article/8153162,1,1,1,1,1,1,1,1,1,1,1,1,1,0,2019
oai:figshare.com:article/8153159,1,1,1,1,1,1,1,1,1,1,1,1,1,0,2019
oai:figshare.com:article/8153150,1,1,1,1,1,1,1,1,1,1,1,1,1,0,2019
oai:figshare.com:article/8153153,1,1,1,1,1,1,1,1,1,1,1,1,1,0,2019
oai:figshare.com:article/8153156,1,1,1,1,1,1,1,1,1,1,1,1,1,0,2019
oai:figshare.com:article/8153147,1,1,1,1,1,1,1,1,1,1,1,1,1,0,2019
oai:figshare.com:article/8153144,1,1,1,1,1,1,1,1,1,1,1,1,1,0,2019
oai:figshare.com:article/8153138,1,1,1,1,1,1,1,1,1,1,1,1,1,0,2019
oai:figshare.com:article/6796802,1,1,1,1,1,1,1,1,1,1,1,1,1,1,2019
oai:figshare.com:article/8153132,1,1,1,1,1,1,1,1,1,1,1,1,1,0,2019
oai:figshare.com:article/8153048,1,1,1,1,1,1,1,1,1,1,1,1,1,0,2019
oai:figshare.com:article/8153135,1,1,1,1,1,1,1,1,1,1,1,1,1,0,2019
oai:figshare.com:article/8075864,1,1,1,1,1,1,1,1,1,1,1,1,1,0,2019
oai:figshare.com:article/8153126,1,1,1,1,1,1,1,1,1,1,1,1,1,0,2019
oai:figshare.com:article/8153123,1,1,1,1,1,1,1,1,1,1,1,1,1,0,2019
oai:figshare.com:article/8153120,1,1,1,1,1,1,1,1,1,1,1,1,1,0,2019
oai:figshare.com:article/8153117,1,1,1,1,1,1,1,1,1,1,1,1,1,0,2019
oai:figshare.com:article/8153114,1,1,1,1,1,1,1,1,1,1,1,1,1,0,2019
oai:figshare.com:article/8153111,1,1,1,1,1,1,1,1,1,1,1,1,1,0,2019
oai:figshare.com:article/8075843,1,1,1,1,1,1,1,1,1,1,1,1,1,0,2019
oai:figshare.com:article/8075831,1,1,1,1,1,1,1,1,1,1,1,1,1,0,2019
oai:figshare.com:article/8153102,1,1,1,0,1,1,1,1,1,1,1,1,1,0,2019
oai:figshare.com:article/8153099,1,1,1,0,1,1,1,1,1,1,1,1,1,0,2019
oai:figshare.com:article/8075792,1,1,1,1,1,1,1,1,1,1,1,1,1,0,2019
oai:figshare.com:article/8063387,1,1,1,1,1,1,1,1,1,1,1,1,1,0,2019
oai:figshare.com:article/8063318,1,1,1,1,1,1,1,1,1,1,1,1,1,0,2019
oai:figshare.com:article/8138441,1,1,1,0,1,1,1,1,1,1,1,1,1,0,2019
oai:figshare.com:article/8153081,1,1,1,0,1,1,1,1,1,1,1,1,1,0,2019
oai:figshare.com:article/8153078,1,1,1,0,1,1,1,1,1,1,1,1,1,0,2019
oai:figshare.com:article/8153075,1,1,1,0,1,1,1,1,1,1,1,1,1,0,2019
oai:figshare.com:article/8153072,1,1,1,0,1,1,1,1,1,1,1,1,1,0,2019
oai:figshare.com:article/8153069,1,1,1,0,1,1,1,1,1,1,1,1,1,0,2019
oai:figshare.com:article/8153066,1,1,1,0,1,1,1,1,1,1,1,1,1,0,2019
oai:figshare.com:article/8153063,1,1,1,0,1,1,1,1,1,1,1,1,1,0,2019
oai:figshare.com:article/8063312,1,1,1,1,1,1,1,1,1,1,1,1,1,0,2019
oai:figshare.com:article/8153054,1,1,1,1,1,1,1,1,1,1,1,1,1,0,2019
oai:figshare.com:article/8153051,1,1,1,1,1,1,1,1,1,1,1,1,1,0,2019
oai:figshare.com:article/8153045,1,1,1,1,1,1,1,1,1,1,1,1,1,0,2019
oai:figshare.com:article/8153039,1,1,1,1,1,1,1,1,1,1,1,1,1,0,2019
oai:figshare.com:article/8153036,1,1,1,1,1,1,1,1,1,1,1,1,1,0,2019
oai:figshare.com:article/8153030,1,1,1,1,1,1,1,1,1,1,1,1,1,0,2019
oai:figshare.com:article/8153033,1,1,1,0,1,1,1,1,1,1,1,1,1,0,2019
oai:figshare.com:article/8153018,1,1,1,0,1,1,1,1,1,1,1,1,1,0,2019
oai:figshare.com:article/8153015,1,1,1,0,1,1,1,1,1,1,1,1,1,0,2019
oai:figshare.com:article/8153012,1,1,1,0,1,1,1,1,1,1,1,1,1,0,2019
oai:figshare.com:article/8153009,1,1,1,0,1,1,1,1,1,1,1,1,1,0,2019
oai:figshare.com:article/8153003,1,1,1,1,1,1,1,1,1,1,1,1,1,0,2019
oai:figshare.com:article/8152985,1,1,1,1,1,1,1,1,1,1,1,1,1,0,2019
oai:figshare.com:article/7728353,1,1,1,1,1,1,1,1,1,1,1,1,1,1,2019
oai:figshare.com:article/5929240,1,1,1,1,1,1,1,1,1,1,1,1,1,0,2019
oai:figshare.com:article/5923372,1,1,1,1,1,1,1,1,1,1,1,1,1,0,2019
oai:figshare.com:article/8143676,1,1,1,1,1,1,1,1,1,1,1,1,1,0,2019
oai:figshare.com:article/8152970,1,1,1,1,1,1,1,1,1,1,1,1,1,0,2019
oai:figshare.com:article/8152973,1,1,1,1,1,1,1,1,1,1,1,1,1,0,2019
oai:figshare.com:article/8152976,1,1,1,1,1,1,1,1,1,1,1,1,1,0,2019
oai:figshare.com:article/7970078,1,1,1,1,1,1,1,1,1,1,1,1,1,0,2019
oai:figshare.com:article/8152967,1,1,1,0,1,1,1,1,1,1,1,1,1,0,2019
oai:figshare.com:article/8152964,1,1,1,0,1,1,1,1,1,1,1,1,1,0,2019
oai:figshare.com:article/8152961,1,1,1,0,1,1,1,1,1,1,1,1,1,0,2019
oai:figshare.com:article/8152949,1,1,1,0,1,1,1,1,1,1,1,1,1,1,2019
oai:figshare.com:article/8152955,1,1,1,0,1,1,1,1,1,1,1,1,1,0,2019
oai:figshare.com:article/8152937,1,1,1,1,1,1,1,1,1,1,1,1,1,0,2019
oai:figshare.com:article/8152934,1,1,1,0,1,1,1,1,1,1,1,1,1,0,2019
oai:figshare.com:article/8152931,1,1,1,0,1,1,1,1,1,1,1,1,1,0,2019
oai:figshare.com:article/7737731,1,1,1,1,1,1,1,1,1,1,1,1,1,0,2019
oai:figshare.com:article/7737740,1,1,1,1,1,1,1,1,1,1,1,1,1,0,2019
oai:figshare.com:article/7737737,1,1,1,1,1,1,1,1,1,1,1,1,1,0,2019
oai:figshare.com:article/7737734,1,1,1,1,1,1,1,1,1,1,1,1,1,0,2019
oai:figshare.com:article/7737746,1,1,1,1,1,1,1,1,1,1,1,1,1,0,2019
oai:figshare.com:article/7737743,1,1,1,1,1,1,1,1,1,1,1,1,1,0,2019
oai:figshare.com:article/7737749,1,1,1,1,1,1,1,1,1,1,1,1,1,0,2019
oai:figshare.com:article/7737725,1,1,1,1,1,1,1,1,1,1,1,1,1,0,2019
oai:figshare.com:article/7737728,1,1,1,1,1,1,1,1,1,1,1,1,1,0,2019
oai:figshare.com:article/7737713,1,1,1,1,1,1,1,1,1,1,1,1,1,0,2019
oai:figshare.com:article/7737722,1,1,1,1,1,1,1,1,1,1,1,1,1,0,2019
oai:figshare.com:article/7737719,1,1,1,1,1,1,1,1,1,1,1,1,1,0,2019
oai:figshare.com:article/7737716,1,1,1,1,1,1,1,1,1,1,1,1,1,0,2019
oai:figshare.com:article/7737707,1,1,1,1,1,1,1,1,1,1,1,1,1,0,2019
oai:figshare.com:article/7737704,1,1,1,1,1,1,1,1,1,1,1,1,1,0,2019
oai:figshare.com:article/7737710,1,1,1,1,1,1,1,1,1,1,1,1,1,0,2019
oai:figshare.com:article/7737701,1,1,1,1,1,1,1,1,1,1,1,1,1,0,2019
oai:figshare.com:article/7737695,1,1,1,1,1,1,1,1,1,1,1,1,1,0,2019
oai:figshare.com:article/7737698,1,1,1,1,1,1,1,1,1,1,1,1,1,0,2019
oai:figshare.com:article/7737686,1,1,1,1,1,1,1,1,1,1,1,1,1,0,2019
oai:figshare.com:article/7737689,1,1,1,1,1,1,1,1,1,1,1,1,1,0,2019
oai:figshare.com:article/7737692,1,1,1,1,1,1,1,1,1,1,1,1,1,0,2019
oai:figshare.com:article/7737671,1,1,1,1,1,1,1,1,1,1,1,1,1,0,2019
oai:figshare.com:article/7737680,1,1,1,1,1,1,1,1,1,1,1,1,1,0,2019
oai:figshare.com:article/7737674,1,1,1,1,1,1,1,1,1,1,1,1,1,0,2019
oai:figshare.com:article/7737668,1,1,1,1,1,1,1,1,1,1,1,1,1,0,2019
oai:figshare.com:article/7737683,1,1,1,1,1,1,1,1,1,1,1,1,1,0,2019
oai:figshare.com:article/7737677,1,1,1,1,1,1,1,1,1,1,1,1,1,0,2019
oai:figshare.com:article/7737665,1,1,1,1,1,1,1,1,1,1,1,1,1,0,2019
oai:figshare.com:article/7737659,1,1,1,1,1,1,1,1,1,1,1,1,1,0,2019
oai:figshare.com:article/7737653,1,1,1,1,1,1,1,1,1,1,1,1,1,0,2019
oai:figshare.com:article/7737650,1,1,1,1,1,1,1,1,1,1,1,1,1,0,2019
oai:figshare.com:article/7737647,1,1,1,1,1,1,1,1,1,1,1,1,1,0,2019
oai:figshare.com:article/7737662,1,1,1,1,1,1,1,1,1,1,1,1,1,0,2019
oai:figshare.com:article/7737656,1,1,1,1,1,1,1,1,1,1,1,1,1,0,2019
oai:figshare.com:article/7737635,1,1,1,1,1,1,1,1,1,1,1,1,1,0,2019
oai:figshare.com:article/7737632,1,1,1,1,1,1,1,1,1,1,1,1,1,0,2019
oai:figshare.com:article/7737641,1,1,1,1,1,1,1,1,1,1,1,1,1,0,2019
oai:figshare.com:article/7737644,1,1,1,1,1,1,1,1,1,1,1,1,1,0,2019
oai:figshare.com:article/7737638,1,1,1,1,1,1,1,1,1,1,1,1,1,0,2019
oai:figshare.com:article/7737629,1,1,1,1,1,1,1,1,1,1,1,1,1,0,2019
oai:figshare.com:article/7737608,1,1,1,1,1,1,1,1,1,1,1,1,1,0,2019
oai:figshare.com:article/7737617,1,1,1,1,1,1,1,1,1,1,1,1,1,0,2019
oai:figshare.com:article/7737620,1,1,1,1,1,1,1,1,1,1,1,1,1,0,2019
oai:figshare.com:article/7737614,1,1,1,1,1,1,1,1,1,1,1,1,1,0,2019
oai:figshare.com:article/7737611,1,1,1,1,1,1,1,1,1,1,1,1,1,0,2019
oai:figshare.com:article/7737623,1,1,1,1,1,1,1,1,1,1,1,1,1,0,2019
oai:figshare.com:article/7737626,1,1,1,1,1,1,1,1,1,1,1,1,1,0,2019
oai:figshare.com:article/7737602,1,1,1,1,1,1,1,1,1,1,1,1,1,0,2019
oai:figshare.com:article/7737599,1,1,1,1,1,1,1,1,1,1,1,1,1,0,2019
oai:figshare.com:article/7737596,1,1,1,1,1,1,1,1,1,1,1,1,1,0,2019
oai:figshare.com:article/7737590,1,1,1,1,1,1,1,1,1,1,1,1,1,0,2019
oai:figshare.com:article/7737605,1,1,1,1,1,1,1,1,1,1,1,1,1,0,2019
oai:figshare.com:article/7737593,1,1,1,1,1,1,1,1,1,1,1,1,1,0,2019
oai:figshare.com:article/7737578,1,1,1,1,1,1,1,1,1,1,1,1,1,0,2019
oai:figshare.com:article/7737572,1,1,1,1,1,1,1,1,1,1,1,1,1,0,2019
oai:figshare.com:article/7737581,1,1,1,1,1,1,1,1,1,1,1,1,1,0,2019
oai:figshare.com:article/7737584,1,1,1,1,1,1,1,1,1,1,1,1,1,0,2019
oai:figshare.com:article/7737575,1,1,1,1,1,1,1,1,1,1,1,1,1,0,2019
oai:figshare.com:article/7737587,1,1,1,1,1,1,1,1,1,1,1,1,1,0,2019
oai:figshare.com:article/7737563,1,1,1,1,1,1,1,1,1,1,1,1,1,0,2019
oai:figshare.com:article/7737560,1,1,1,1,1,1,1,1,1,1,1,1,1,0,2019
oai:figshare.com:article/7737569,1,1,1,1,1,1,1,1,1,1,1,1,1,0,2019
oai:figshare.com:article/7737566,1,1,1,1,1,1,1,1,1,1,1,1,1,0,2019
oai:figshare.com:article/7737554,1,1,1,1,1,1,1,1,1,1,1,1,1,0,2019
oai:figshare.com:article/7737557,1,1,1,1,1,1,1,1,1,1,1,1,1,0,2019
oai:figshare.com:article/7737542,1,1,1,1,1,1,1,1,1,1,1,1,1,0,2019
oai:figshare.com:article/7737548,1,1,1,1,1,1,1,1,1,1,1,1,1,0,2019
oai:figshare.com:article/7737536,1,1,1,1,1,1,1,1,1,1,1,1,1,0,2019
oai:figshare.com:article/7737545,1,1,1,1,1,1,1,1,1,1,1,1,1,0,2019
oai:figshare.com:article/7737551,1,1,1,1,1,1,1,1,1,1,1,1,1,0,2019
oai:figshare.com:article/7737539,1,1,1,1,1,1,1,1,1,1,1,1,1,0,2019
oai:figshare.com:article/7737533,1,1,1,1,1,1,1,1,1,1,1,1,1,0,2019
oai:figshare.com:article/7737530,1,1,1,1,1,1,1,1,1,1,1,1,1,0,2019
oai:figshare.com:article/7737527,1,1,1,1,1,1,1,1,1,1,1,1,1,0,2019
oai:figshare.com:article/7737524,1,1,1,1,1,1,1,1,1,1,1,1,1,0,2019
oai:figshare.com:article/7737515,1,1,1,1,1,1,1,1,1,1,1,1,1,0,2019
oai:figshare.com:article/7737518,1,1,1,1,1,1,1,1,1,1,1,1,1,0,2019
oai:figshare.com:article/7737521,1,1,1,1,1,1,1,1,1,1,1,1,1,0,2019
oai:figshare.com:article/7737506,1,1,1,1,1,1,1,1,1,1,1,1,1,0,2019
oai:figshare.com:article/7737512,1,1,1,1,1,1,1,1,1,1,1,1,1,0,2019
oai:figshare.com:article/7737509,1,1,1,1,1,1,1,1,1,1,1,1,1,0,2019
oai:figshare.com:article/7737503,1,1,1,1,1,1,1,1,1,1,1,1,1,0,2019
oai:figshare.com:article/7737500,1,1,1,1,1,1,1,1,1,1,1,1,1,0,2019
oai:figshare.com:article/7737497,1,1,1,1,1,1,1,1,1,1,1,1,1,0,2019
oai:figshare.com:article/7737491,1,1,1,1,1,1,1,1,1,1,1,1,1,0,2019
oai:figshare.com:article/7737485,1,1,1,1,1,1,1,1,1,1,1,1,1,0,2019
oai:figshare.com:article/7737482,1,1,1,1,1,1,1,1,1,1,1,1,1,0,2019
oai:figshare.com:article/7737488,1,1,1,1,1,1,1,1,1,1,1,1,1,0,2019
oai:figshare.com:article/7737494,1,1,1,1,1,1,1,1,1,1,1,1,1,0,2019
oai:figshare.com:article/7737479,1,1,1,1,1,1,1,1,1,1,1,1,1,0,2019
oai:figshare.com:article/7737464,1,1,1,1,1,1,1,1,1,1,1,1,1,0,2019
oai:figshare.com:article/7737473,1,1,1,1,1,1,1,1,1,1,1,1,1,0,2019
oai:figshare.com:article/7737467,1,1,1,1,1,1,1,1,1,1,1,1,1,0,2019
oai:figshare.com:article/7737476,1,1,1,1,1,1,1,1,1,1,1,1,1,0,2019
oai:figshare.com:article/7737470,1,1,1,1,1,1,1,1,1,1,1,1,1,0,2019
oai:figshare.com:article/7737449,1,1,1,1,1,1,1,1,1,1,1,1,1,0,2019
oai:figshare.com:article/7737452,1,1,1,1,1,1,1,1,1,1,1,1,1,0,2019
oai:figshare.com:article/7737458,1,1,1,1,1,1,1,1,1,1,1,1,1,0,2019
oai:figshare.com:article/7737455,1,1,1,1,1,1,1,1,1,1,1,1,1,0,2019
oai:figshare.com:article/7737461,1,1,1,1,1,1,1,1,1,1,1,1,1,0,2019
oai:figshare.com:article/7737440,1,1,1,1,1,1,1,1,1,1,1,1,1,0,2019
oai:figshare.com:article/7737437,1,1,1,1,1,1,1,1,1,1,1,1,1,0,2019
oai:figshare.com:article/7737431,1,1,1,1,1,1,1,1,1,1,1,1,1,0,2019
oai:figshare.com:article/7737443,1,1,1,1,1,1,1,1,1,1,1,1,1,0,2019
oai:figshare.com:article/7737446,1,1,1,1,1,1,1,1,1,1,1,1,1,0,2019
oai:figshare.com:article/7737434,1,1,1,1,1,1,1,1,1,1,1,1,1,0,2019
oai:figshare.com:article/7737419,1,1,1,1,1,1,1,1,1,1,1,1,1,0,2019
oai:figshare.com:article/7737425,1,1,1,1,1,1,1,1,1,1,1,1,1,0,2019
oai:figshare.com:article/7737422,1,1,1,1,1,1,1,1,1,1,1,1,1,0,2019
oai:figshare.com:article/7737428,1,1,1,1,1,1,1,1,1,1,1,1,1,0,2019
oai:figshare.com:article/7737416,1,1,1,1,1,1,1,1,1,1,1,1,1,0,2019
oai:figshare.com:article/7737413,1,1,1,1,1,1,1,1,1,1,1,1,1,0,2019
oai:figshare.com:article/7737410,1,1,1,1,1,1,1,1,1,1,1,1,1,0,2019
oai:figshare.com:article/7737404,1,1,1,1,1,1,1,1,1,1,1,1,1,0,2019
oai:figshare.com:article/7737398,1,1,1,1,1,1,1,1,1,1,1,1,1,0,2019
oai:figshare.com:article/7737407,1,1,1,1,1,1,1,1,1,1,1,1,1,0,2019
oai:figshare.com:article/7737401,1,1,1,1,1,1,1,1,1,1,1,1,1,0,2019
oai:figshare.com:article/7737395,1,1,1,1,1,1,1,1,1,1,1,1,1,0,2019
oai:figshare.com:article/7737389,1,1,1,1,1,1,1,1,1,1,1,1,1,0,2019
oai:figshare.com:article/7737392,1,1,1,1,1,1,1,1,1,1,1,1,1,0,2019
oai:figshare.com:article/7737380,1,1,1,1,1,1,1,1,1,1,1,1,1,0,2019
oai:figshare.com:article/7737386,1,1,1,1,1,1,1,1,1,1,1,1,1,0,2019
oai:figshare.com:article/7737383,1,1,1,1,1,1,1,1,1,1,1,1,1,0,2019
oai:figshare.com:article/7737365,1,1,1,1,1,1,1,1,1,1,1,1,1,0,2019
oai:figshare.com:article/7737371,1,1,1,1,1,1,1,1,1,1,1,1,1,0,2019
oai:figshare.com:article/7737368,1,1,1,1,1,1,1,1,1,1,1,1,1,0,2019
oai:figshare.com:article/7737377,1,1,1,1,1,1,1,1,1,1,1,1,1,0,2019
oai:figshare.com:article/7737374,1,1,1,1,1,1,1,1,1,1,1,1,1,0,2019
oai:figshare.com:article/7737359,1,1,1,1,1,1,1,1,1,1,1,1,1,0,2019
oai:figshare.com:article/7737362,1,1,1,1,1,1,1,1,1,1,1,1,1,0,2019
oai:figshare.com:article/7737344,1,1,1,1,1,1,1,1,1,1,1,1,1,0,2019
oai:figshare.com:article/7737350,1,1,1,1,1,1,1,1,1,1,1,1,1,0,2019
oai:figshare.com:article/7737356,1,1,1,1,1,1,1,1,1,1,1,1,1,0,2019
oai:figshare.com:article/7737341,1,1,1,1,1,1,1,1,1,1,1,1,1,0,2019
oai:figshare.com:article/7737353,1,1,1,1,1,1,1,1,1,1,1,1,1,0,2019
oai:figshare.com:article/7737347,1,1,1,1,1,1,1,1,1,1,1,1,1,0,2019
oai:figshare.com:article/7737335,1,1,1,1,1,1,1,1,1,1,1,1,1,0,2019
oai:figshare.com:article/7737326,1,1,1,1,1,1,1,1,1,1,1,1,1,0,2019
oai:figshare.com:article/7737338,1,1,1,1,1,1,1,1,1,1,1,1,1,0,2019
oai:figshare.com:article/7737332,1,1,1,1,1,1,1,1,1,1,1,1,1,0,2019
oai:figshare.com:article/7737329,1,1,1,1,1,1,1,1,1,1,1,1,1,0,2019
oai:figshare.com:article/7737323,1,1,1,1,1,1,1,1,1,1,1,1,1,0,2019
oai:figshare.com:article/7737305,1,1,1,1,1,1,1,1,1,1,1,1,1,0,2019
oai:figshare.com:article/7737311,1,1,1,1,1,1,1,1,1,1,1,1,1,0,2019
oai:figshare.com:article/7737314,1,1,1,1,1,1,1,1,1,1,1,1,1,0,2019
oai:figshare.com:article/7737320,1,1,1,1,1,1,1,1,1,1,1,1,1,0,2019
oai:figshare.com:article/7737317,1,1,1,1,1,1,1,1,1,1,1,1,1,0,2019
oai:figshare.com:article/7737308,1,1,1,1,1,1,1,1,1,1,1,1,1,0,2019
oai:figshare.com:article/7737296,1,1,1,1,1,1,1,1,1,1,1,1,1,0,2019
oai:figshare.com:article/7737287,1,1,1,1,1,1,1,1,1,1,1,1,1,0,2019
oai:figshare.com:article/7737299,1,1,1,1,1,1,1,1,1,1,1,1,1,0,2019
oai:figshare.com:article/7737302,1,1,1,1,1,1,1,1,1,1,1,1,1,0,2019
oai:figshare.com:article/7737290,1,1,1,1,1,1,1,1,1,1,1,1,1,0,2019
oai:figshare.com:article/7737293,1,1,1,1,1,1,1,1,1,1,1,1,1,0,2019
oai:figshare.com:article/7737275,1,1,1,1,1,1,1,1,1,1,1,1,1,0,2019
oai:figshare.com:article/7737272,1,1,1,1,1,1,1,1,1,1,1,1,1,0,2019
oai:figshare.com:article/7737281,1,1,1,1,1,1,1,1,1,1,1,1,1,0,2019
oai:figshare.com:article/7737269,1,1,1,1,1,1,1,1,1,1,1,1,1,0,2019
oai:figshare.com:article/7737284,1,1,1,1,1,1,1,1,1,1,1,1,1,0,2019
oai:figshare.com:article/7737278,1,1,1,1,1,1,1,1,1,1,1,1,1,0,2019
oai:figshare.com:article/7737266,1,1,1,1,1,1,1,1,1,1,1,1,1,0,2019
oai:figshare.com:article/7737263,1,1,1,1,1,1,1,1,1,1,1,1,1,0,2019
oai:figshare.com:article/7737251,1,1,1,1,1,1,1,1,1,1,1,1,1,0,2019
oai:figshare.com:article/7737260,1,1,1,1,1,1,1,1,1,1,1,1,1,0,2019
oai:figshare.com:article/7737257,1,1,1,1,1,1,1,1,1,1,1,1,1,0,2019
oai:figshare.com:article/7737254,1,1,1,1,1,1,1,1,1,1,1,1,1,0,2019
oai:figshare.com:article/7737239,1,1,1,1,1,1,1,1,1,1,1,1,1,0,2019
oai:figshare.com:article/7737245,1,1,1,1,1,1,1,1,1,1,1,1,1,0,2019
oai:figshare.com:article/7737236,1,1,1,1,1,1,1,1,1,1,1,1,1,0,2019
oai:figshare.com:article/7737248,1,1,1,1,1,1,1,1,1,1,1,1,1,0,2019
oai:figshare.com:article/7737242,1,1,1,1,1,1,1,1,1,1,1,1,1,0,2019
oai:figshare.com:article/7737227,1,1,1,1,1,1,1,1,1,1,1,1,1,0,2019
oai:figshare.com:article/7737233,1,1,1,1,1,1,1,1,1,1,1,1,1,0,2019
oai:figshare.com:article/7737221,1,1,1,1,1,1,1,1,1,1,1,1,1,0,2019
oai:figshare.com:article/7737218,1,1,1,1,1,1,1,1,1,1,1,1,1,0,2019
oai:figshare.com:article/7737230,1,1,1,1,1,1,1,1,1,1,1,1,1,0,2019
oai:figshare.com:article/7737224,1,1,1,1,1,1,1,1,1,1,1,1,1,0,2019
oai:figshare.com:article/7737209,1,1,1,1,1,1,1,1,1,1,1,1,1,0,2019
oai:figshare.com:article/7737197,1,1,1,1,1,1,1,1,1,1,1,1,1,0,2019
oai:figshare.com:article/7737200,1,1,1,1,1,1,1,1,1,1,1,1,1,0,2019
oai:figshare.com:article/7737215,1,1,1,1,1,1,1,1,1,1,1,1,1,0,2019
oai:figshare.com:article/7737212,1,1,1,1,1,1,1,1,1,1,1,1,1,0,2019
oai:figshare.com:article/7737203,1,1,1,1,1,1,1,1,1,1,1,1,1,0,2019
oai:figshare.com:article/7737206,1,1,1,1,1,1,1,1,1,1,1,1,1,0,2019
oai:figshare.com:article/7737194,1,1,1,1,1,1,1,1,1,1,1,1,1,0,2019
oai:figshare.com:article/7737191,1,1,1,1,1,1,1,1,1,1,1,1,1,0,2019
oai:figshare.com:article/7737188,1,1,1,1,1,1,1,1,1,1,1,1,1,0,2019
oai:figshare.com:article/7737179,1,1,1,1,1,1,1,1,1,1,1,1,1,0,2019
oai:figshare.com:article/7737185,1,1,1,1,1,1,1,1,1,1,1,1,1,0,2019
oai:figshare.com:article/7737182,1,1,1,1,1,1,1,1,1,1,1,1,1,0,2019
oai:figshare.com:article/7737164,1,1,1,1,1,1,1,1,1,1,1,1,1,0,2019
oai:figshare.com:article/7737176,1,1,1,1,1,1,1,1,1,1,1,1,1,0,2019
oai:figshare.com:article/7737167,1,1,1,1,1,1,1,1,1,1,1,1,1,0,2019
oai:figshare.com:article/7737173,1,1,1,1,1,1,1,1,1,1,1,1,1,0,2019
oai:figshare.com:article/7737170,1,1,1,1,1,1,1,1,1,1,1,1,1,0,2019
oai:figshare.com:article/7737158,1,1,1,1,1,1,1,1,1,1,1,1,1,0,2019
oai:figshare.com:article/7737161,1,1,1,1,1,1,1,1,1,1,1,1,1,0,2019
oai:figshare.com:article/7737155,1,1,1,1,1,1,1,1,1,1,1,1,1,0,2019
oai:figshare.com:article/7737146,1,1,1,1,1,1,1,1,1,1,1,1,1,0,2019
oai:figshare.com:article/7737149,1,1,1,1,1,1,1,1,1,1,1,1,1,0,2019
oai:figshare.com:article/7737143,1,1,1,1,1,1,1,1,1,1,1,1,1,0,2019
oai:figshare.com:article/7737152,1,1,1,1,1,1,1,1,1,1,1,1,1,0,2019
oai:figshare.com:article/7737125,1,1,1,1,1,1,1,1,1,1,1,1,1,0,2019
oai:figshare.com:article/7737134,1,1,1,1,1,1,1,1,1,1,1,1,1,0,2019
oai:figshare.com:article/7737131,1,1,1,1,1,1,1,1,1,1,1,1,1,0,2019
oai:figshare.com:article/7737128,1,1,1,1,1,1,1,1,1,1,1,1,1,0,2019
oai:figshare.com:article/7737137,1,1,1,1,1,1,1,1,1,1,1,1,1,0,2019
oai:figshare.com:article/7737140,1,1,1,1,1,1,1,1,1,1,1,1,1,0,2019
oai:figshare.com:article/7737110,1,1,1,1,1,1,1,1,1,1,1,1,1,0,2019
oai:figshare.com:article/7737119,1,1,1,1,1,1,1,1,1,1,1,1,1,0,2019
oai:figshare.com:article/7737116,1,1,1,1,1,1,1,1,1,1,1,1,1,0,2019
oai:figshare.com:article/7737113,1,1,1,1,1,1,1,1,1,1,1,1,1,0,2019
oai:figshare.com:article/7737122,1,1,1,1,1,1,1,1,1,1,1,1,1,0,2019
oai:figshare.com:article/7737107,1,1,1,1,1,1,1,1,1,1,1,1,1,0,2019
oai:figshare.com:article/7737098,1,1,1,1,1,1,1,1,1,1,1,1,1,0,2019
oai:figshare.com:article/7737095,1,1,1,1,1,1,1,1,1,1,1,1,1,0,2019
oai:figshare.com:article/7737092,1,1,1,1,1,1,1,1,1,1,1,1,1,0,2019
oai:figshare.com:article/7737101,1,1,1,1,1,1,1,1,1,1,1,1,1,0,2019
oai:figshare.com:article/7737104,1,1,1,1,1,1,1,1,1,1,1,1,1,0,2019
oai:figshare.com:article/7737077,1,1,1,1,1,1,1,1,1,1,1,1,1,0,2019
oai:figshare.com:article/7737086,1,1,1,1,1,1,1,1,1,1,1,1,1,0,2019
oai:figshare.com:article/7737089,1,1,1,1,1,1,1,1,1,1,1,1,1,0,2019
oai:figshare.com:article/7737083,1,1,1,1,1,1,1,1,1,1,1,1,1,0,2019
oai:figshare.com:article/7737080,1,1,1,1,1,1,1,1,1,1,1,1,1,0,2019
oai:figshare.com:article/7737074,1,1,1,1,1,1,1,1,1,1,1,1,1,0,2019
oai:figshare.com:article/7737062,1,1,1,1,1,1,1,1,1,1,1,1,1,0,2019
oai:figshare.com:article/7737068,1,1,1,1,1,1,1,1,1,1,1,1,1,0,2019
oai:figshare.com:article/7737071,1,1,1,1,1,1,1,1,1,1,1,1,1,0,2019
oai:figshare.com:article/7737059,1,1,1,1,1,1,1,1,1,1,1,1,1,0,2019
oai:figshare.com:article/7737065,1,1,1,1,1,1,1,1,1,1,1,1,1,0,2019
oai:figshare.com:article/7737056,1,1,1,1,1,1,1,1,1,1,1,1,1,0,2019
oai:figshare.com:article/7737050,1,1,1,1,1,1,1,1,1,1,1,1,1,0,2019
oai:figshare.com:article/7737053,1,1,1,1,1,1,1,1,1,1,1,1,1,0,2019
oai:figshare.com:article/7738901,1,1,1,1,1,1,1,1,1,1,1,1,1,1,2019
oai:figshare.com:article/8152901,1,1,1,1,1,1,1,1,1,1,1,1,1,0,2019
oai:figshare.com:article/8152895,1,1,1,1,1,1,1,1,1,1,1,1,1,0,2019
oai:figshare.com:article/7728251,1,1,1,1,1,1,1,1,1,1,1,1,1,1,2019
oai:figshare.com:article/8152889,1,1,1,1,1,1,1,1,1,1,1,1,1,0,2019
oai:figshare.com:article/8152886,1,1,1,1,1,1,1,1,1,1,1,1,1,0,2019
oai:figshare.com:article/8152883,1,1,1,0,1,1,1,1,1,1,1,1,1,0,2019
oai:figshare.com:article/8152880,1,1,1,0,1,1,1,1,1,1,1,1,1,0,2019
oai:figshare.com:article/8152877,1,1,1,0,1,1,1,1,1,1,1,1,1,0,2019
oai:figshare.com:article/8152874,1,1,1,0,1,1,1,1,1,1,1,1,1,0,2019
oai:figshare.com:article/7861505,1,1,1,1,1,1,1,1,1,1,1,1,1,0,2019
oai:figshare.com:article/7861499,1,1,1,1,1,1,1,1,1,1,1,1,1,0,2019
oai:figshare.com:article/7861493,1,1,1,1,1,1,1,1,1,1,1,1,1,0,2019
oai:figshare.com:article/7861487,1,1,1,1,1,1,1,1,1,1,1,1,1,0,2019
oai:figshare.com:article/7861481,1,1,1,1,1,1,1,1,1,1,1,1,1,0,2019
oai:figshare.com:article/7951853,1,1,1,1,1,1,1,1,1,1,1,1,1,0,2019
oai:figshare.com:article/8152868,1,1,1,1,1,1,1,1,1,1,1,1,1,0,2019
oai:figshare.com:article/8152865,1,1,1,1,1,1,1,1,1,1,1,1,1,0,2019
oai:figshare.com:article/8152862,1,1,1,1,1,1,1,1,1,1,1,1,1,0,2019
oai:figshare.com:article/8152835,1,1,1,1,1,1,1,1,1,1,1,1,1,0,2019
oai:figshare.com:article/8152850,1,1,1,1,1,1,1,1,1,1,1,1,1,0,2019
oai:figshare.com:article/7963478,1,1,1,1,1,1,1,1,1,1,1,1,1,1,2019
oai:figshare.com:article/8152847,1,1,1,1,1,1,1,1,1,1,1,1,1,0,2019
oai:figshare.com:article/8152841,1,1,1,1,1,1,1,1,1,1,1,1,1,0,2019
oai:figshare.com:article/8152805,1,1,1,1,1,1,1,1,1,1,1,1,1,0,2019
oai:figshare.com:article/8152811,1,1,1,1,1,1,1,1,1,1,1,1,1,0,2019
oai:figshare.com:article/8152751,1,1,1,1,1,1,1,1,1,1,1,1,1,0,2019
oai:figshare.com:article/8152724,1,1,1,1,1,1,1,1,1,1,1,1,1,0,2019
oai:figshare.com:article/8152823,1,1,1,0,1,1,1,1,1,1,1,1,1,0,2019
oai:figshare.com:article/8152820,1,1,1,0,1,1,1,1,1,1,1,1,1,0,2019
oai:figshare.com:article/8152814,1,1,1,1,1,1,1,1,1,1,1,1,1,0,2019
oai:figshare.com:article/8152802,1,1,1,0,1,1,1,1,1,1,1,1,1,0,2019
oai:figshare.com:article/8152799,1,1,1,0,1,1,1,1,1,1,1,1,1,0,2019
oai:figshare.com:article/8152796,1,1,1,0,1,1,1,1,1,1,1,1,1,0,2019
oai:figshare.com:article/8152793,1,1,1,0,1,1,1,1,1,1,1,1,1,0,2019
oai:figshare.com:article/8152790,1,1,1,0,1,1,1,1,1,1,1,1,1,0,2019
oai:figshare.com:article/8152787,1,1,1,0,1,1,1,1,1,1,1,1,1,0,2019
oai:figshare.com:article/8152781,1,1,1,0,1,1,1,1,1,1,1,1,1,0,2019
oai:figshare.com:article/8152784,1,1,1,0,1,1,1,1,1,1,1,1,1,0,2019
oai:figshare.com:article/8152778,1,1,1,0,1,1,1,1,1,1,1,1,1,0,2019
oai:figshare.com:article/8152775,1,1,1,0,1,1,1,1,1,1,1,1,1,0,2019
oai:figshare.com:article/8152772,1,1,1,0,1,1,1,1,1,1,1,1,1,0,2019
oai:figshare.com:article/8152769,1,1,1,0,1,1,1,1,1,1,1,1,1,0,2019
oai:figshare.com:article/8152673,1,1,1,1,1,1,1,1,1,1,1,1,1,1,2019
oai:figshare.com:article/8152757,1,1,1,1,1,1,1,1,1,1,1,1,1,0,2019
oai:figshare.com:article/8152733,1,1,1,1,1,1,1,1,1,1,1,1,1,0,2019
oai:figshare.com:article/8152730,1,1,1,1,1,1,1,1,1,1,1,1,1,0,2019
oai:figshare.com:article/8152664,1,1,1,1,1,1,1,1,1,1,1,1,1,0,2019
oai:figshare.com:article/8152685,1,1,1,1,1,1,1,1,1,1,1,1,1,0,2019
oai:figshare.com:article/8152682,1,1,1,0,1,1,1,1,1,1,1,1,1,0,2019
oai:figshare.com:article/8152679,1,1,1,1,1,1,1,1,1,1,1,1,1,0,2019
oai:figshare.com:article/8152676,1,1,1,0,1,1,1,1,1,1,1,1,1,0,2019
oai:figshare.com:article/8152661,1,1,1,1,1,1,1,1,1,1,1,1,1,0,2019
oai:figshare.com:article/8124968,1,1,1,1,1,1,1,1,1,1,1,1,1,0,2019
oai:figshare.com:article/8152607,1,1,1,1,1,1,1,1,1,1,1,1,1,0,2019
oai:figshare.com:article/8152652,1,1,1,1,1,1,1,1,1,1,1,1,1,0,2019
oai:figshare.com:article/8137871,1,1,1,1,1,1,1,1,1,1,1,1,1,1,2019
oai:figshare.com:article/8061959,1,1,1,1,1,1,1,1,1,1,1,1,1,1,2019
oai:figshare.com:article/8061956,1,1,1,1,1,1,1,1,1,1,1,1,1,1,2019
oai:figshare.com:article/8152649,1,1,1,1,1,1,1,1,1,1,1,1,1,0,2019
oai:figshare.com:article/8152637,1,1,1,1,1,1,1,1,1,1,1,1,1,0,2019
oai:figshare.com:article/8152622,1,1,1,1,1,1,1,1,1,1,1,1,1,0,2019
oai:figshare.com:article/8152619,1,1,1,1,1,1,1,1,1,1,1,1,1,0,2019
oai:figshare.com:article/8152616,1,1,1,1,1,1,1,1,1,1,1,1,1,0,2019
oai:figshare.com:article/8152613,1,1,1,1,1,1,1,1,1,1,1,1,1,0,2019
oai:figshare.com:article/8152610,1,1,1,1,1,1,1,1,1,1,1,1,1,0,2019
oai:figshare.com:article/8152565,1,1,1,0,1,1,1,1,1,1,1,1,1,0,2019
oai:figshare.com:article/8058956,1,1,1,1,1,1,1,1,1,1,1,1,1,0,2019
oai:figshare.com:article/8152574,1,1,1,1,1,1,1,1,1,1,1,1,1,0,2019
oai:figshare.com:article/8152553,1,1,1,1,1,1,1,1,1,1,1,1,1,0,2019
oai:figshare.com:article/8148692,1,1,1,1,1,1,1,1,1,1,1,1,1,0,2019
oai:figshare.com:article/8152556,1,1,1,0,1,1,1,1,1,1,1,1,1,0,2019
oai:figshare.com:article/8152532,1,1,1,1,1,1,1,1,1,1,1,1,1,0,2019
oai:figshare.com:article/8152544,1,1,1,1,1,1,1,1,1,1,1,1,1,0,2019
oai:figshare.com:article/8152541,1,1,1,1,1,1,1,1,1,1,1,1,1,0,2019
oai:figshare.com:article/8085647,1,1,1,1,1,1,1,1,1,1,1,1,1,0,2019
oai:figshare.com:article/8085659,1,1,1,1,1,1,1,1,1,1,1,1,1,0,2019
oai:figshare.com:article/8085674,1,1,1,1,1,1,1,1,1,1,1,1,1,0,2019
oai:figshare.com:article/8085689,1,1,1,1,1,1,1,1,1,1,1,1,1,0,2019
oai:figshare.com:article/8152505,1,1,1,1,1,1,1,1,1,1,1,1,1,0,2019
oai:figshare.com:article/8152502,1,1,1,1,1,1,1,1,1,1,1,1,1,0,2019
oai:figshare.com:article/8152499,1,1,1,1,1,1,1,1,1,1,1,1,1,0,2019
oai:figshare.com:article/8152493,1,1,1,1,1,1,1,1,1,1,1,1,1,0,2019
oai:figshare.com:article/8150846,1,1,1,1,1,1,1,1,1,1,1,1,1,0,2019
oai:figshare.com:article/8150975,1,1,1,1,1,1,1,1,1,1,1,1,1,0,2019
oai:figshare.com:article/8150942,1,1,1,1,1,1,1,1,1,1,1,1,1,0,2019
oai:figshare.com:article/8150900,1,1,1,1,1,1,1,1,1,1,1,1,1,0,2019
oai:figshare.com:article/8150978,1,1,1,1,1,1,1,1,1,1,1,1,1,0,2019
oai:figshare.com:article/8150852,1,1,1,1,1,1,1,1,1,1,1,1,1,0,2019
oai:figshare.com:article/8150840,1,1,1,1,1,1,1,1,1,1,1,1,1,0,2019
oai:figshare.com:article/8150843,1,1,1,1,1,1,1,1,1,1,1,1,1,0,2019
oai:figshare.com:article/8150873,1,1,1,1,1,1,1,1,1,1,1,1,1,0,2019
oai:figshare.com:article/8150924,1,1,1,1,1,1,1,1,1,1,1,1,1,0,2019
oai:figshare.com:article/8150921,1,1,1,1,1,1,1,1,1,1,1,1,1,0,2019
oai:figshare.com:article/8150915,1,1,1,1,1,1,1,1,1,1,1,1,1,0,2019
oai:figshare.com:article/8150894,1,1,1,1,1,1,1,1,1,1,1,1,1,0,2019
oai:figshare.com:article/8150912,1,1,1,1,1,1,1,1,1,1,1,1,1,0,2019
oai:figshare.com:article/8150939,1,1,1,1,1,1,1,1,1,1,1,1,1,0,2019
oai:figshare.com:article/8150909,1,1,1,1,1,1,1,1,1,1,1,1,1,0,2019
oai:figshare.com:article/8150927,1,1,1,1,1,1,1,1,1,1,1,1,1,0,2019
oai:figshare.com:article/8150963,1,1,1,1,1,1,1,1,1,1,1,1,1,0,2019
oai:figshare.com:article/8150960,1,1,1,1,1,1,1,1,1,1,1,1,1,0,2019
oai:figshare.com:article/8150945,1,1,1,1,1,1,1,1,1,1,1,1,1,0,2019
oai:figshare.com:article/8150981,1,1,1,1,1,1,1,1,1,1,1,1,1,0,2019
oai:figshare.com:article/8150864,1,1,1,1,1,1,1,1,1,1,1,1,1,0,2019
oai:figshare.com:article/8150861,1,1,1,1,1,1,1,1,1,1,1,1,1,0,2019
oai:figshare.com:article/8150849,1,1,1,1,1,1,1,1,1,1,1,1,1,0,2019
oai:figshare.com:article/8150855,1,1,1,1,1,1,1,1,1,1,1,1,1,0,2019
oai:figshare.com:article/8150876,1,1,1,1,1,1,1,1,1,1,1,1,1,0,2019
oai:figshare.com:article/8150882,1,1,1,1,1,1,1,1,1,1,1,1,1,0,2019
oai:figshare.com:article/8150969,1,1,1,1,1,1,1,1,1,1,1,1,1,0,2019
oai:figshare.com:article/8150870,1,1,1,1,1,1,1,1,1,1,1,1,1,0,2019
oai:figshare.com:article/8150903,1,1,1,1,1,1,1,1,1,1,1,1,1,0,2019
oai:figshare.com:article/8150954,1,1,1,1,1,1,1,1,1,1,1,1,1,0,2019
oai:figshare.com:article/8150933,1,1,1,1,1,1,1,1,1,1,1,1,1,0,2019
oai:figshare.com:article/8150951,1,1,1,1,1,1,1,1,1,1,1,1,1,0,2019
oai:figshare.com:article/8150972,1,1,1,1,1,1,1,1,1,1,1,1,1,0,2019
oai:figshare.com:article/8150957,1,1,1,1,1,1,1,1,1,1,1,1,1,0,2019
oai:figshare.com:article/8150948,1,1,1,1,1,1,1,1,1,1,1,1,1,0,2019
oai:figshare.com:article/8150885,1,1,1,1,1,1,1,1,1,1,1,1,1,0,2019
oai:figshare.com:article/8150834,1,1,1,1,1,1,1,1,1,1,1,1,1,0,2019
oai:figshare.com:article/8150837,1,1,1,1,1,1,1,1,1,1,1,1,1,0,2019
oai:figshare.com:article/8150858,1,1,1,1,1,1,1,1,1,1,1,1,1,0,2019
oai:figshare.com:article/8150867,1,1,1,1,1,1,1,1,1,1,1,1,1,0,2019
oai:figshare.com:article/8150888,1,1,1,1,1,1,1,1,1,1,1,1,1,0,2019
oai:figshare.com:article/8150897,1,1,1,1,1,1,1,1,1,1,1,1,1,0,2019
oai:figshare.com:article/8150936,1,1,1,1,1,1,1,1,1,1,1,1,1,0,2019
oai:figshare.com:article/8150966,1,1,1,1,1,1,1,1,1,1,1,1,1,0,2019
oai:figshare.com:article/8150891,1,1,1,1,1,1,1,1,1,1,1,1,1,0,2019
oai:figshare.com:article/8150918,1,1,1,1,1,1,1,1,1,1,1,1,1,0,2019
oai:figshare.com:article/8150930,1,1,1,1,1,1,1,1,1,1,1,1,1,0,2019
oai:figshare.com:article/8150906,1,1,1,1,1,1,1,1,1,1,1,1,1,0,2019
oai:figshare.com:article/8150879,1,1,1,1,1,1,1,1,1,1,1,1,1,0,2019
oai:figshare.com:article/8152478,1,1,1,1,1,1,1,1,1,1,1,1,1,0,2019
oai:figshare.com:article/8152475,1,1,1,1,1,1,1,1,1,1,1,1,1,0,2019
oai:figshare.com:article/8152472,1,1,1,1,1,1,1,1,1,1,1,1,1,0,2019
oai:figshare.com:article/8152463,1,1,1,1,1,1,1,1,1,1,1,1,1,0,2019
oai:figshare.com:article/8152466,1,1,1,1,1,1,1,1,1,1,1,1,1,0,2019
oai:figshare.com:article/8152469,1,1,1,1,1,1,1,1,1,1,1,1,1,0,2019
oai:figshare.com:article/8152460,1,1,1,1,1,1,1,1,1,1,1,1,1,0,2019
oai:figshare.com:article/8152454,1,1,1,1,1,1,1,1,1,1,1,1,1,0,2019
oai:figshare.com:article/8152457,1,1,1,1,1,1,1,1,1,1,1,1,1,0,2019
oai:figshare.com:article/8152451,1,1,1,1,1,1,1,1,1,1,1,1,1,0,2019
oai:figshare.com:article/8152442,1,1,1,1,1,1,1,1,1,1,1,1,1,0,2019
oai:figshare.com:article/8152436,1,1,1,1,1,1,1,1,1,1,1,1,1,0,2019
oai:figshare.com:article/8152448,1,1,1,1,1,1,1,1,1,1,1,1,1,0,2019
oai:figshare.com:article/8152445,1,1,1,1,1,1,1,1,1,1,1,1,1,0,2019
oai:figshare.com:article/8152439,1,1,1,1,1,1,1,1,1,1,1,1,1,0,2019
oai:figshare.com:article/8152430,1,1,1,1,1,1,1,1,1,1,1,1,1,0,2019
oai:figshare.com:article/8152427,1,1,1,1,1,1,1,1,1,1,1,1,1,0,2019
oai:figshare.com:article/8152433,1,1,1,1,1,1,1,1,1,1,1,1,1,0,2019
oai:figshare.com:article/8152409,1,1,1,1,1,1,1,1,1,1,1,1,1,0,2019
oai:figshare.com:article/8152415,1,1,1,1,1,1,1,1,1,1,1,1,1,0,2019
oai:figshare.com:article/8152412,1,1,1,1,1,1,1,1,1,1,1,1,1,0,2019
oai:figshare.com:article/8152424,1,1,1,1,1,1,1,1,1,1,1,1,1,0,2019
oai:figshare.com:article/8152418,1,1,1,1,1,1,1,1,1,1,1,1,1,0,2019
oai:figshare.com:article/8152421,1,1,1,1,1,1,1,1,1,1,1,1,1,0,2019
oai:figshare.com:article/8152403,1,1,1,1,1,1,1,1,1,1,1,1,1,0,2019
oai:figshare.com:article/8152406,1,1,1,1,1,1,1,1,1,1,1,1,1,0,2019
oai:figshare.com:article/8152400,1,1,1,1,1,1,1,1,1,1,1,1,1,0,2019
oai:figshare.com:article/8152391,1,1,1,1,1,1,1,1,1,1,1,1,1,0,2019
oai:figshare.com:article/8152385,1,1,1,1,1,1,1,1,1,1,1,1,1,0,2019
oai:figshare.com:article/8152379,1,1,1,1,1,1,1,1,1,1,1,1,1,0,2019
oai:figshare.com:article/8152397,1,1,1,1,1,1,1,1,1,1,1,1,1,0,2019
oai:figshare.com:article/8152394,1,1,1,1,1,1,1,1,1,1,1,1,1,0,2019
oai:figshare.com:article/8152388,1,1,1,1,1,1,1,1,1,1,1,1,1,0,2019
oai:figshare.com:article/8152382,1,1,1,1,1,1,1,1,1,1,1,1,1,0,2019
oai:figshare.com:article/8152376,1,1,1,1,1,1,1,1,1,1,1,1,1,0,2019
oai:figshare.com:article/8152364,1,1,1,1,1,1,1,1,1,1,1,1,1,0,2019
oai:figshare.com:article/8152352,1,1,1,1,1,1,1,1,1,1,1,1,1,0,2019
oai:figshare.com:article/8152373,1,1,1,1,1,1,1,1,1,1,1,1,1,0,2019
oai:figshare.com:article/8152355,1,1,1,1,1,1,1,1,1,1,1,1,1,0,2019
oai:figshare.com:article/8152367,1,1,1,1,1,1,1,1,1,1,1,1,1,0,2019
oai:figshare.com:article/8152358,1,1,1,1,1,1,1,1,1,1,1,1,1,0,2019
oai:figshare.com:article/8152370,1,1,1,1,1,1,1,1,1,1,1,1,1,0,2019
oai:figshare.com:article/8152361,1,1,1,1,1,1,1,1,1,1,1,1,1,0,2019
oai:figshare.com:article/8152349,1,1,1,1,1,1,1,1,1,1,1,1,1,0,2019
oai:figshare.com:article/8152340,1,1,1,1,1,1,1,1,1,1,1,1,1,0,2019
oai:figshare.com:article/8152343,1,1,1,1,1,1,1,1,1,1,1,1,1,0,2019
oai:figshare.com:article/8152334,1,1,1,1,1,1,1,1,1,1,1,1,1,0,2019
oai:figshare.com:article/8152337,1,1,1,1,1,1,1,1,1,1,1,1,1,0,2019
oai:figshare.com:article/8152331,1,1,1,1,1,1,1,1,1,1,1,1,1,0,2019
oai:figshare.com:article/8152346,1,1,1,1,1,1,1,1,1,1,1,1,1,0,2019
oai:figshare.com:article/8152328,1,1,1,1,1,1,1,1,1,1,1,1,1,0,2019
oai:figshare.com:article/8152325,1,1,1,1,1,1,1,1,1,1,1,1,1,0,2019
oai:figshare.com:article/8152316,1,1,1,1,1,1,1,1,1,1,1,1,1,0,2019
oai:figshare.com:article/8152319,1,1,1,1,1,1,1,1,1,1,1,1,1,0,2019
oai:figshare.com:article/8152322,1,1,1,1,1,1,1,1,1,1,1,1,1,0,2019
oai:figshare.com:article/8152313,1,1,1,1,1,1,1,1,1,1,1,1,1,0,2019
oai:figshare.com:article/8152307,1,1,1,1,1,1,1,1,1,1,1,1,1,0,2019