id,oai_dc:dc,oai_dc:dc/dc:title,oai_dc:dc/dc:creator,oai_dc:dc/dc:source,oai_dc:dc/dc:publisher,oai_dc:dc/dc:date,oai_dc:dc/dc:type,oai_dc:dc/dc:format,oai_dc:dc/dc:identifier,oai_dc:dc/dc:description,oai_dc:dc/dc:language,oai_dc:dc/dc:rights,oai_dc:dc/dc:coverage,oai_dc:dc/dc:subject,oai_dc:dc/dc:relation,date
oai:pangaea.de:doi:10.1594/PANGAEA.66871,1,1,1,1,1,1,1,1,1,1,1,1,1,1,0,2002-04-06
oai:pangaea.de:doi:10.1594/PANGAEA.472208,1,1,1,1,1,1,1,1,1,1,1,1,1,1,0,2005-06-23
oai:pangaea.de:doi:10.1594/PANGAEA.472241,1,1,1,1,1,1,1,1,1,1,1,1,1,1,0,2002-04-06
oai:pangaea.de:doi:10.1594/PANGAEA.472281,1,1,1,1,1,1,1,1,1,1,1,1,1,1,0,2007-06-27
oai:pangaea.de:doi:10.1594/PANGAEA.472287,1,1,1,1,1,1,1,1,1,1,1,1,1,1,1,2006-06-28
oai:pangaea.de:doi:10.1594/PANGAEA.472293,1,1,1,1,1,1,1,1,1,1,1,1,1,1,0,2007-06-28
oai:pangaea.de:doi:10.1594/PANGAEA.472492,1,1,1,1,1,1,1,1,1,1,1,1,1,1,0,2000-06-03
oai:pangaea.de:doi:10.1594/PANGAEA.475995,1,1,1,1,1,1,1,1,1,1,1,1,1,1,0,2007-07-10
oai:pangaea.de:doi:10.1594/PANGAEA.476007,1,1,1,1,1,1,1,1,1,1,1,1,1,1,0,2006-07-10
oai:pangaea.de:doi:10.1594/PANGAEA.477984,1,1,1,1,1,1,1,1,1,1,1,1,1,1,0,2006-07-12
oai:pangaea.de:doi:10.1594/PANGAEA.484066,1,1,1,1,1,1,1,1,1,1,1,1,1,1,0,2006-07-13
oai:pangaea.de:doi:10.1594/PANGAEA.484677,1,1,1,1,1,1,1,1,1,1,1,1,1,1,0,2005-05-11
oai:pangaea.de:doi:10.1594/PANGAEA.485006,1,1,1,1,1,1,1,1,1,1,1,1,1,1,0,2001-07-22
oai:pangaea.de:doi:10.1594/PANGAEA.509841,1,1,1,1,1,1,1,1,1,1,1,1,1,1,0,2006-08-14
oai:pangaea.de:doi:10.1594/PANGAEA.510729,1,1,1,1,1,1,1,1,1,1,1,1,1,1,0,1998-08-29
oai:pangaea.de:doi:10.1594/PANGAEA.510744,1,1,1,1,1,1,1,1,1,1,1,1,1,1,0,1998-01-15
oai:pangaea.de:doi:10.1594/PANGAEA.510745,1,1,1,1,1,1,1,1,1,1,1,1,1,1,0,1998-01-15
oai:pangaea.de:doi:10.1594/PANGAEA.510746,1,1,1,1,1,1,1,1,1,1,1,1,1,1,0,1998-01-15
oai:pangaea.de:doi:10.1594/PANGAEA.510747,1,1,1,1,1,1,1,1,1,1,1,1,1,1,0,1998-01-15
oai:pangaea.de:doi:10.1594/PANGAEA.510748,1,1,1,1,1,1,1,1,1,1,1,1,1,1,0,1998-01-15
oai:pangaea.de:doi:10.1594/PANGAEA.510749,1,1,1,1,1,1,1,1,1,1,1,1,1,1,0,1998-01-15
oai:pangaea.de:doi:10.1594/PANGAEA.510750,1,1,1,1,1,1,1,1,1,1,1,1,1,1,0,1998-01-15
oai:pangaea.de:doi:10.1594/PANGAEA.510751,1,1,1,1,1,1,1,1,1,1,1,1,1,1,0,2000-08-30
oai:pangaea.de:doi:10.1594/PANGAEA.510752,1,1,1,1,1,1,1,1,1,1,1,1,1,1,0,2000-08-30
oai:pangaea.de:doi:10.1594/PANGAEA.510753,1,1,1,1,1,1,1,1,1,1,1,1,1,1,0,2000-08-30
oai:pangaea.de:doi:10.1594/PANGAEA.510754,1,1,1,1,1,1,1,1,1,1,1,1,1,1,0,2000-04-16
oai:pangaea.de:doi:10.1594/PANGAEA.510755,1,1,1,1,1,1,1,1,1,1,1,1,1,1,0,2000-08-30
oai:pangaea.de:doi:10.1594/PANGAEA.510756,1,1,1,1,1,1,1,1,1,1,1,1,1,1,0,2000-08-30
oai:pangaea.de:doi:10.1594/PANGAEA.510757,1,1,1,1,1,1,1,1,1,1,1,1,1,1,0,2000-08-30
oai:pangaea.de:doi:10.1594/PANGAEA.510758,1,1,1,1,1,1,1,1,1,1,1,1,1,1,0,2001-08-30
oai:pangaea.de:doi:10.1594/PANGAEA.510759,1,1,1,1,1,1,1,1,1,1,1,1,1,1,0,2001-03-16
oai:pangaea.de:doi:10.1594/PANGAEA.510760,1,1,1,1,1,1,1,1,1,1,1,1,1,1,0,2001-08-30
oai:pangaea.de:doi:10.1594/PANGAEA.510761,1,1,1,1,1,1,1,1,1,1,1,1,1,1,1,2001-04-27
oai:pangaea.de:doi:10.1594/PANGAEA.510762,1,1,1,1,1,1,1,1,1,1,1,1,1,1,0,2001-08-30
oai:pangaea.de:doi:10.1594/PANGAEA.510763,1,1,1,1,1,1,1,1,1,1,1,1,1,1,0,2001-04-27
oai:pangaea.de:doi:10.1594/PANGAEA.510764,1,1,1,1,1,1,1,1,1,1,1,1,1,1,0,2001-04-27
oai:pangaea.de:doi:10.1594/PANGAEA.510765,1,1,1,1,1,1,1,1,1,1,1,1,1,1,0,2001-04-21
oai:pangaea.de:doi:10.1594/PANGAEA.510766,1,1,1,1,1,1,1,1,1,1,1,1,1,1,0,2001-04-21
oai:pangaea.de:doi:10.1594/PANGAEA.510767,1,1,1,1,1,1,1,1,1,1,1,1,1,1,0,2001-08-30
oai:pangaea.de:doi:10.1594/PANGAEA.510768,1,1,1,1,1,1,1,1,1,1,1,1,1,1,0,2001-04-22
oai:pangaea.de:doi:10.1594/PANGAEA.510769,1,1,1,1,1,1,1,1,1,1,1,1,1,1,0,2001-08-30
oai:pangaea.de:doi:10.1594/PANGAEA.510770,1,1,1,1,1,1,1,1,1,1,1,1,1,1,0,2001-08-30
oai:pangaea.de:doi:10.1594/PANGAEA.510771,1,1,1,1,1,1,1,1,1,1,1,1,1,1,0,2001-08-30
oai:pangaea.de:doi:10.1594/PANGAEA.510772,1,1,1,1,1,1,1,1,1,1,1,1,1,1,0,2001-04-22
oai:pangaea.de:doi:10.1594/PANGAEA.510773,1,1,1,1,1,1,1,1,1,1,1,1,1,1,0,2001-04-22
oai:pangaea.de:doi:10.1594/PANGAEA.510837,1,1,1,1,1,1,1,1,1,1,1,1,1,1,1,2006-09-13
oai:pangaea.de:doi:10.1594/PANGAEA.525770,1,1,1,1,1,1,1,1,1,1,1,1,1,1,0,2006-09-28
oai:pangaea.de:doi:10.1594/PANGAEA.526941,1,1,1,1,1,1,1,1,1,1,1,1,1,1,1,2006-10-05
oai:pangaea.de:doi:10.1594/PANGAEA.527976,1,1,1,1,1,1,1,1,1,1,1,1,1,1,0,2007-10-11
oai:pangaea.de:doi:10.1594/PANGAEA.536199,1,1,1,1,1,1,1,1,1,1,1,1,1,1,0,2006-10-13
oai:pangaea.de:doi:10.1594/PANGAEA.547755,1,1,1,1,1,1,1,1,1,1,1,1,1,1,0,2006-11-01
oai:pangaea.de:doi:10.1594/PANGAEA.547786,1,1,1,1,1,1,1,1,1,1,1,1,1,1,0,2006-11-01
oai:pangaea.de:doi:10.1594/PANGAEA.547942,1,1,1,1,1,1,1,1,1,1,1,1,1,1,1,2006-11-03
oai:pangaea.de:doi:10.1594/PANGAEA.547981,1,1,1,1,1,1,1,1,1,1,1,1,1,1,0,1998-08-03
oai:pangaea.de:doi:10.1594/PANGAEA.547983,1,1,1,1,1,1,1,1,1,1,1,1,1,1,0,2008-11-06
oai:pangaea.de:doi:10.1594/PANGAEA.547989,1,1,1,1,1,1,1,1,1,1,1,1,1,1,0,2007-11-07
oai:pangaea.de:doi:10.1594/PANGAEA.548021,1,1,1,1,1,1,1,1,1,1,1,1,1,1,0,2006-11-07
oai:pangaea.de:doi:10.1594/PANGAEA.548070,1,1,1,1,1,1,1,1,1,1,1,1,1,1,0,2003-09-30
oai:pangaea.de:doi:10.1594/PANGAEA.548396,1,1,1,1,1,1,1,1,1,1,1,1,1,1,0,1970-11-14
oai:pangaea.de:doi:10.1594/PANGAEA.548400,1,1,1,1,1,1,1,1,1,1,1,1,1,1,0,1970-11-14
oai:pangaea.de:doi:10.1594/PANGAEA.548404,1,1,1,1,1,1,1,1,1,1,1,1,1,1,0,1971-11-14
oai:pangaea.de:doi:10.1594/PANGAEA.548408,1,1,1,1,1,1,1,1,1,1,1,1,1,1,0,1971-11-14
oai:pangaea.de:doi:10.1594/PANGAEA.548409,1,1,1,1,1,1,1,1,1,1,1,1,1,1,0,1971-11-14
oai:pangaea.de:doi:10.1594/PANGAEA.548410,1,1,1,1,1,1,1,1,1,1,1,1,1,1,0,1972-11-14
oai:pangaea.de:doi:10.1594/PANGAEA.548411,1,1,1,1,1,1,1,1,1,1,1,1,1,1,0,1972-11-14
oai:pangaea.de:doi:10.1594/PANGAEA.548412,1,1,1,1,1,1,1,1,1,1,1,1,1,1,0,1972-11-14
oai:pangaea.de:doi:10.1594/PANGAEA.548413,1,1,1,1,1,1,1,1,1,1,1,1,1,1,0,1972-11-14
oai:pangaea.de:doi:10.1594/PANGAEA.548414,1,1,1,1,1,1,1,1,1,1,1,1,1,1,0,1972-11-14
oai:pangaea.de:doi:10.1594/PANGAEA.548415,1,1,1,1,1,1,1,1,1,1,1,1,1,1,0,1973-11-14
oai:pangaea.de:doi:10.1594/PANGAEA.548416,1,1,1,1,1,1,1,1,1,1,1,1,1,1,0,1973-11-14
oai:pangaea.de:doi:10.1594/PANGAEA.548417,1,1,1,1,1,1,1,1,1,1,1,1,1,1,0,1973-11-14
oai:pangaea.de:doi:10.1594/PANGAEA.548418,1,1,1,1,1,1,1,1,1,1,1,1,1,1,0,1973-11-14
oai:pangaea.de:doi:10.1594/PANGAEA.548419,1,1,1,1,1,1,1,1,1,1,1,1,1,1,0,1973-11-14
oai:pangaea.de:doi:10.1594/PANGAEA.548420,1,1,1,1,1,1,1,1,1,1,1,1,1,1,0,1974-11-14
oai:pangaea.de:doi:10.1594/PANGAEA.548421,1,1,1,1,1,1,1,1,1,1,1,1,1,1,0,1974-11-14
oai:pangaea.de:doi:10.1594/PANGAEA.548422,1,1,1,1,1,1,1,1,1,1,1,1,1,1,0,1974-11-14
oai:pangaea.de:doi:10.1594/PANGAEA.548423,1,1,1,1,1,1,1,1,1,1,1,1,1,1,0,1974-11-14
oai:pangaea.de:doi:10.1594/PANGAEA.548424,1,1,1,1,1,1,1,1,1,1,1,1,1,1,0,1975-11-14
oai:pangaea.de:doi:10.1594/PANGAEA.548425,1,1,1,1,1,1,1,1,1,1,1,1,1,1,0,1975-11-14
oai:pangaea.de:doi:10.1594/PANGAEA.548426,1,1,1,1,1,1,1,1,1,1,1,1,1,1,0,1975-11-14
oai:pangaea.de:doi:10.1594/PANGAEA.548427,1,1,1,1,1,1,1,1,1,1,1,1,1,1,0,1975-11-14
oai:pangaea.de:doi:10.1594/PANGAEA.548428,1,1,1,1,1,1,1,1,1,1,1,1,1,1,0,1975-11-14
oai:pangaea.de:doi:10.1594/PANGAEA.548430,1,1,1,1,1,1,1,1,1,1,1,1,1,1,0,1976-11-14
oai:pangaea.de:doi:10.1594/PANGAEA.548432,1,1,1,1,1,1,1,1,1,1,1,1,1,1,0,1977-11-14
oai:pangaea.de:doi:10.1594/PANGAEA.548433,1,1,1,1,1,1,1,1,1,1,1,1,1,1,0,1976-11-14
oai:pangaea.de:doi:10.1594/PANGAEA.548463,1,1,1,1,1,1,1,1,1,1,1,1,1,1,0,1978-11-15
oai:pangaea.de:doi:10.1594/PANGAEA.548464,1,1,1,1,1,1,1,1,1,1,1,1,1,1,0,1978-11-15
oai:pangaea.de:doi:10.1594/PANGAEA.548465,1,1,1,1,1,1,1,1,1,1,1,1,1,1,0,1979-11-15
oai:pangaea.de:doi:10.1594/PANGAEA.548466,1,1,1,1,1,1,1,1,1,1,1,1,1,1,0,1979-11-15
oai:pangaea.de:doi:10.1594/PANGAEA.548467,1,1,1,1,1,1,1,1,1,1,1,1,1,1,0,1980-11-15
oai:pangaea.de:doi:10.1594/PANGAEA.548469,1,1,1,1,1,1,1,1,1,1,1,1,1,1,0,1980-11-15
oai:pangaea.de:doi:10.1594/PANGAEA.548470,1,1,1,1,1,1,1,1,1,1,1,1,1,1,0,1980-11-15
oai:pangaea.de:doi:10.1594/PANGAEA.548471,1,1,1,1,1,1,1,1,1,1,1,1,1,1,0,1981-11-15
oai:pangaea.de:doi:10.1594/PANGAEA.548484,1,1,1,1,1,1,1,1,1,1,1,1,1,1,0,1981-11-15
oai:pangaea.de:doi:10.1594/PANGAEA.548485,1,1,1,1,1,1,1,1,1,1,1,1,1,1,0,1982-11-15
oai:pangaea.de:doi:10.1594/PANGAEA.548486,1,1,1,1,1,1,1,1,1,1,1,1,1,1,0,1983-11-15
oai:pangaea.de:doi:10.1594/PANGAEA.548487,1,1,1,1,1,1,1,1,1,1,1,1,1,1,0,1983-11-15
oai:pangaea.de:doi:10.1594/PANGAEA.548488,1,1,1,1,1,1,1,1,1,1,1,1,1,1,0,1984-11-15
oai:pangaea.de:doi:10.1594/PANGAEA.548489,1,1,1,1,1,1,1,1,1,1,1,1,1,1,0,1984-11-15
oai:pangaea.de:doi:10.1594/PANGAEA.548490,1,1,1,1,1,1,1,1,1,1,1,1,1,1,0,1986-11-15
oai:pangaea.de:doi:10.1594/PANGAEA.548491,1,1,1,1,1,1,1,1,1,1,1,1,1,1,0,1986-11-15
oai:pangaea.de:doi:10.1594/PANGAEA.548492,1,1,1,1,1,1,1,1,1,1,1,1,1,1,0,1986-11-15
oai:pangaea.de:doi:10.1594/PANGAEA.548493,1,1,1,1,1,1,1,1,1,1,1,1,1,1,0,1986-11-15
oai:pangaea.de:doi:10.1594/PANGAEA.548499,1,1,1,1,1,1,1,1,1,1,1,1,1,1,0,1977-11-15
oai:pangaea.de:doi:10.1594/PANGAEA.548501,1,1,1,1,1,1,1,1,1,1,1,1,1,1,0,2000-11-16
oai:pangaea.de:doi:10.1594/PANGAEA.548525,1,1,1,1,1,1,1,1,1,1,1,1,1,1,0,2000-11-16
oai:pangaea.de:doi:10.1594/PANGAEA.548620,1,1,1,1,1,1,1,1,1,1,1,1,1,1,0,1999-09-28
oai:pangaea.de:doi:10.1594/PANGAEA.548698,1,1,1,1,1,1,1,1,1,1,1,1,1,1,0,1973-11-21
oai:pangaea.de:doi:10.1594/PANGAEA.548699,1,1,1,1,1,1,1,1,1,1,1,1,1,1,0,1988-11-21
oai:pangaea.de:doi:10.1594/PANGAEA.548752,1,1,1,1,1,1,1,1,1,1,1,1,1,1,0,1994-11-22
oai:pangaea.de:doi:10.1594/PANGAEA.548753,1,1,1,1,1,1,1,1,1,1,1,1,1,1,0,2006-11-22
oai:pangaea.de:doi:10.1594/PANGAEA.549050,1,1,1,1,1,1,1,1,1,1,1,1,1,1,1,2006-11-23
oai:pangaea.de:doi:10.1594/PANGAEA.549058,1,1,1,1,1,1,1,1,1,1,1,1,1,1,1,1986-03-26
oai:pangaea.de:doi:10.1594/PANGAEA.549061,1,1,1,1,1,1,1,1,1,1,1,1,1,1,0,1989-11-24
oai:pangaea.de:doi:10.1594/PANGAEA.549062,1,1,1,1,1,1,1,1,1,1,1,1,1,1,0,1986-11-24
oai:pangaea.de:doi:10.1594/PANGAEA.552044,1,1,1,1,1,1,1,1,1,1,1,1,1,1,0,2007-11-29
oai:pangaea.de:doi:10.1594/PANGAEA.552126,1,1,1,1,1,1,1,1,1,1,1,1,1,1,0,1990-11-29
oai:pangaea.de:doi:10.1594/PANGAEA.552177,1,1,1,1,1,1,1,1,1,1,1,1,1,1,1,1990-09-22
oai:pangaea.de:doi:10.1594/PANGAEA.552179,1,1,1,1,1,1,1,1,1,1,1,1,1,1,1,2006-11-29
oai:pangaea.de:doi:10.1594/PANGAEA.552191,1,1,1,1,1,1,1,1,1,1,1,1,1,1,0,2007-11-30
oai:pangaea.de:doi:10.1594/PANGAEA.552352,1,1,1,1,1,1,1,1,1,1,1,1,1,1,0,2006-12-05
oai:pangaea.de:doi:10.1594/PANGAEA.552509,1,1,1,1,1,1,1,1,1,1,1,1,1,1,0,2006-12-11
oai:pangaea.de:doi:10.1594/PANGAEA.557786,1,1,1,1,1,1,1,1,1,1,1,1,1,1,1,2006-12-15
oai:pangaea.de:doi:10.1594/PANGAEA.558112,1,1,1,1,1,1,1,1,1,1,1,1,1,1,0,2006-12-19
oai:pangaea.de:doi:10.1594/PANGAEA.586824,1,1,1,1,1,1,1,1,1,1,1,1,1,1,0,2000-05-07
oai:pangaea.de:doi:10.1594/PANGAEA.586834,1,1,1,1,1,1,1,1,1,1,1,1,1,1,0,2006-11-26
oai:pangaea.de:doi:10.1594/PANGAEA.586856,1,1,1,1,1,1,1,1,1,1,1,1,1,1,0,2006-01-10
oai:pangaea.de:doi:10.1594/PANGAEA.586884,1,1,1,1,1,1,1,1,1,1,1,1,1,1,0,2007-01-11
oai:pangaea.de:doi:10.1594/PANGAEA.587447,1,1,1,1,1,1,1,1,1,1,1,1,1,1,0,2007-01-18
oai:pangaea.de:doi:10.1594/PANGAEA.587448,1,1,1,1,1,1,1,1,1,1,1,1,1,1,0,2007-01-18
oai:pangaea.de:doi:10.1594/PANGAEA.587449,1,1,1,1,1,1,1,1,1,1,1,1,1,1,0,2007-01-18
oai:pangaea.de:doi:10.1594/PANGAEA.587450,1,1,1,1,1,1,1,1,1,1,1,1,1,1,0,2005-03-12
oai:pangaea.de:doi:10.1594/PANGAEA.587840,1,1,1,1,1,1,1,1,1,1,1,1,1,1,0,2007-01-23
oai:pangaea.de:doi:10.1594/PANGAEA.587842,1,1,1,1,1,1,1,1,1,1,1,1,1,1,1,1990-11-01
oai:pangaea.de:doi:10.1594/PANGAEA.587843,1,1,1,1,1,1,1,1,1,1,1,1,1,1,0,1991-01-23
oai:pangaea.de:doi:10.1594/PANGAEA.587844,1,1,1,1,1,1,1,1,1,1,1,1,1,1,0,1991-01-26
oai:pangaea.de:doi:10.1594/PANGAEA.588236,1,1,1,1,1,1,1,1,1,1,1,1,1,1,1,1992-02-11
oai:pangaea.de:doi:10.1594/PANGAEA.588238,1,1,1,1,1,1,1,1,1,1,1,1,1,1,0,1991-01-11
oai:pangaea.de:doi:10.1594/PANGAEA.596351,1,1,1,1,1,1,1,1,1,1,1,1,1,1,0,2007-01-26
oai:pangaea.de:doi:10.1594/PANGAEA.596352,1,1,1,1,1,1,1,1,1,1,1,1,1,1,0,2002-01-26
oai:pangaea.de:doi:10.1594/PANGAEA.601960,1,1,1,1,1,1,1,1,1,1,1,1,1,1,1,2001-08-01
oai:pangaea.de:doi:10.1594/PANGAEA.601974,1,1,1,1,1,1,1,1,1,1,1,1,1,1,0,1972-01-30
oai:pangaea.de:doi:10.1594/PANGAEA.602127,1,1,1,1,1,1,1,1,1,1,1,1,1,1,1,2007-02-02
oai:pangaea.de:doi:10.1594/PANGAEA.602289,1,1,1,1,1,1,1,1,1,1,1,1,1,1,0,2007-02-12
oai:pangaea.de:doi:10.1594/PANGAEA.602431,1,1,1,1,1,1,1,1,1,1,1,1,1,1,0,2007-02-20
oai:pangaea.de:doi:10.1594/PANGAEA.603115,1,1,1,1,1,1,1,1,1,1,1,1,1,1,1,2007-02-23
oai:pangaea.de:doi:10.1594/PANGAEA.603177,1,1,1,1,1,1,1,1,1,1,1,1,1,1,1,2007-02-26
oai:pangaea.de:doi:10.1594/PANGAEA.603344,1,1,1,1,1,1,1,1,1,1,1,1,1,1,0,2001-08-17
oai:pangaea.de:doi:10.1594/PANGAEA.603345,1,1,1,1,1,1,1,1,1,1,1,1,1,1,0,1998-03-01
oai:pangaea.de:doi:10.1594/PANGAEA.603346,1,1,1,1,1,1,1,1,1,1,1,1,1,1,0,1993-09-03
oai:pangaea.de:doi:10.1594/PANGAEA.603886,1,1,1,1,1,1,1,1,1,1,1,1,1,1,1,2000-03-09
oai:pangaea.de:doi:10.1594/PANGAEA.603887,1,1,1,1,1,1,1,1,1,1,1,1,1,1,0,1966-03-09
oai:pangaea.de:doi:10.1594/PANGAEA.603890,1,1,1,1,1,1,1,1,1,1,1,1,1,1,0,1969-03-09
oai:pangaea.de:doi:10.1594/PANGAEA.603891,1,1,1,1,1,1,1,1,1,1,1,1,1,1,0,1970-03-09
oai:pangaea.de:doi:10.1594/PANGAEA.603892,1,1,1,1,1,1,1,1,1,1,1,1,1,1,0,1970-03-09
oai:pangaea.de:doi:10.1594/PANGAEA.603998,1,1,1,1,1,1,1,1,1,1,1,1,1,1,0,1970-03-12
oai:pangaea.de:doi:10.1594/PANGAEA.604000,1,1,1,1,1,1,1,1,1,1,1,1,1,1,0,1970-03-12
oai:pangaea.de:doi:10.1594/PANGAEA.604005,1,1,1,1,1,1,1,1,1,1,1,1,1,1,0,1972-03-12
oai:pangaea.de:doi:10.1594/PANGAEA.604011,1,1,1,1,1,1,1,1,1,1,1,1,1,1,0,1975-03-12
oai:pangaea.de:doi:10.1594/PANGAEA.604012,1,1,1,1,1,1,1,1,1,1,1,1,1,1,0,1975-03-12
oai:pangaea.de:doi:10.1594/PANGAEA.604013,1,1,1,1,1,1,1,1,1,1,1,1,1,1,0,1977-03-12
oai:pangaea.de:doi:10.1594/PANGAEA.604014,1,1,1,1,1,1,1,1,1,1,1,1,1,1,0,1977-03-12
oai:pangaea.de:doi:10.1594/PANGAEA.604015,1,1,1,1,1,1,1,1,1,1,1,1,1,1,0,1978-03-12
oai:pangaea.de:doi:10.1594/PANGAEA.604016,1,1,1,1,1,1,1,1,1,1,1,1,1,1,0,1980-03-12
oai:pangaea.de:doi:10.1594/PANGAEA.604843,1,1,1,1,1,1,1,1,1,1,1,1,1,1,0,1981-03-16
oai:pangaea.de:doi:10.1594/PANGAEA.604844,1,1,1,1,1,1,1,1,1,1,1,1,1,1,0,1983-03-16
oai:pangaea.de:doi:10.1594/PANGAEA.604845,1,1,1,1,1,1,1,1,1,1,1,1,1,1,0,1984-03-16
oai:pangaea.de:doi:10.1594/PANGAEA.604846,1,1,1,1,1,1,1,1,1,1,1,1,1,1,0,1980-03-16
oai:pangaea.de:doi:10.1594/PANGAEA.604852,1,1,1,1,1,1,1,1,1,1,1,1,1,1,0,1973-03-16
oai:pangaea.de:doi:10.1594/PANGAEA.605207,1,1,1,1,1,1,1,1,1,1,1,1,1,1,1,2007-03-29
oai:pangaea.de:doi:10.1594/PANGAEA.605211,1,1,1,1,1,1,1,1,1,1,1,1,1,1,0,2007-03-29
oai:pangaea.de:doi:10.1594/PANGAEA.605226,1,1,1,1,1,1,1,1,1,1,1,1,1,1,0,1967-03-30
oai:pangaea.de:doi:10.1594/PANGAEA.605275,1,1,1,1,1,1,1,1,1,1,1,1,1,1,0,1969-04-02
oai:pangaea.de:doi:10.1594/PANGAEA.605402,1,1,1,1,1,1,1,1,1,1,1,1,1,1,0,1972-04-05
oai:pangaea.de:doi:10.1594/PANGAEA.605420,1,1,1,1,1,1,1,1,1,1,1,1,1,1,0,1973-04-10
oai:pangaea.de:doi:10.1594/PANGAEA.609973,1,1,1,1,1,1,1,1,1,1,1,1,1,1,0,1983-04-16
oai:pangaea.de:doi:10.1594/PANGAEA.609987,1,1,1,1,1,1,1,1,1,1,1,1,1,1,0,1983-04-17
oai:pangaea.de:doi:10.1594/PANGAEA.610008,1,1,1,1,1,1,1,1,1,1,1,1,1,1,0,1983-04-17
oai:pangaea.de:doi:10.1594/PANGAEA.610126,1,1,1,1,1,1,1,1,1,1,1,1,1,1,0,1982-04-19
oai:pangaea.de:doi:10.1594/PANGAEA.610159,1,1,1,1,1,1,1,1,1,1,1,1,1,1,0,1975-04-20
oai:pangaea.de:doi:10.1594/PANGAEA.610160,1,1,1,1,1,1,1,1,1,1,1,1,1,1,0,2007-04-23
oai:pangaea.de:doi:10.1594/PANGAEA.610207,1,1,1,1,1,1,1,1,1,1,1,1,1,1,0,1977-04-23
oai:pangaea.de:doi:10.1594/PANGAEA.611057,1,1,1,1,1,1,1,1,1,1,1,1,1,1,0,1971-05-02
oai:pangaea.de:doi:10.1594/PANGAEA.611082,1,1,1,1,1,1,1,1,1,1,1,1,1,1,0,1977-05-03
oai:pangaea.de:doi:10.1594/PANGAEA.611088,1,1,1,0,1,1,1,1,1,1,1,1,1,1,1,2007-05-03
oai:pangaea.de:doi:10.1594/PANGAEA.611330,1,1,1,1,1,1,1,1,1,1,1,1,1,1,0,1974-05-08
oai:pangaea.de:doi:10.1594/PANGAEA.611331,1,1,1,1,1,1,1,1,1,1,1,1,1,1,0,2007-05-08
oai:pangaea.de:doi:10.1594/PANGAEA.611433,1,1,1,1,1,1,1,1,1,1,1,1,1,1,0,1974-05-11
oai:pangaea.de:doi:10.1594/PANGAEA.611462,1,1,1,1,1,1,1,1,1,1,1,1,1,1,0,1978-05-14
oai:pangaea.de:doi:10.1594/PANGAEA.611472,1,1,1,1,1,1,1,1,1,1,1,1,1,1,0,1976-05-15
oai:pangaea.de:doi:10.1594/PANGAEA.611525,1,1,1,1,1,1,1,1,1,1,1,1,1,1,0,1980-05-16
oai:pangaea.de:doi:10.1594/PANGAEA.611560,1,1,1,1,1,1,1,1,1,1,1,1,1,1,0,2007-05-16
oai:pangaea.de:doi:10.1594/PANGAEA.611692,1,1,1,1,1,1,1,1,1,1,1,1,1,1,0,2007-05-21
oai:pangaea.de:doi:10.1594/PANGAEA.619042,1,1,1,1,1,1,1,1,1,1,1,1,1,1,1,2007-06-25
oai:pangaea.de:doi:10.1594/PANGAEA.619065,1,1,1,1,1,1,1,1,1,1,1,1,1,1,0,1987-06-26
oai:pangaea.de:doi:10.1594/PANGAEA.628536,1,1,1,1,1,1,1,1,1,1,1,1,1,1,0,2007-07-17
oai:pangaea.de:doi:10.1594/PANGAEA.633712,1,1,1,1,1,1,1,1,1,1,1,1,1,1,0,2008-07-27
oai:pangaea.de:doi:10.1594/PANGAEA.633713,1,1,1,1,1,1,1,1,1,1,1,1,1,1,0,2010-07-27
oai:pangaea.de:doi:10.1594/PANGAEA.646297,1,1,1,1,1,1,1,1,1,1,1,1,1,1,1,2007-09-04
oai:pangaea.de:doi:10.1594/PANGAEA.648716,1,1,1,1,1,1,1,1,1,1,1,1,1,1,0,2003-09-07
oai:pangaea.de:doi:10.1594/PANGAEA.650376,1,1,1,0,1,1,1,1,1,1,1,1,1,1,1,2002-07-15
oai:pangaea.de:doi:10.1594/PANGAEA.651852,1,1,1,1,1,1,1,1,1,1,1,1,1,1,1,2007-09-11
oai:pangaea.de:doi:10.1594/PANGAEA.658956,1,1,1,1,1,1,1,1,1,1,1,1,1,1,0,2007-09-26
oai:pangaea.de:doi:10.1594/PANGAEA.659091,1,1,1,1,1,1,1,1,1,1,1,1,1,1,0,2007-09-27
oai:pangaea.de:doi:10.1594/PANGAEA.659132,1,1,1,0,1,1,1,1,1,1,1,1,1,1,1,2006-09-27
oai:pangaea.de:doi:10.1594/PANGAEA.659150,1,1,1,1,1,1,1,1,1,1,1,1,1,1,0,2007-09-28
oai:pangaea.de:doi:10.1594/PANGAEA.659152,1,1,1,1,1,1,1,1,1,1,1,1,1,1,0,2007-09-28
oai:pangaea.de:doi:10.1594/PANGAEA.660529,1,1,1,0,1,1,1,1,1,1,1,1,1,1,1,2007-10-02
oai:pangaea.de:doi:10.1594/PANGAEA.663131,1,1,1,1,1,1,1,1,1,1,1,1,1,1,1,2007-10-05
oai:pangaea.de:doi:10.1594/PANGAEA.663141,1,1,1,1,1,1,1,1,1,1,1,1,1,1,0,2007-10-05
oai:pangaea.de:doi:10.1594/PANGAEA.663168,1,1,1,1,1,1,1,1,1,1,1,1,1,1,0,1968-10-05
oai:pangaea.de:doi:10.1594/PANGAEA.663169,1,1,1,1,1,1,1,1,1,1,1,1,1,1,0,2002-10-05
oai:pangaea.de:doi:10.1594/PANGAEA.663170,1,1,1,1,1,1,1,1,1,1,1,1,1,1,1,2007-10-05
oai:pangaea.de:doi:10.1594/PANGAEA.666146,1,1,1,1,1,1,1,1,1,1,1,1,1,1,0,1975-10-10
oai:pangaea.de:doi:10.1594/PANGAEA.666331,1,1,1,1,1,1,1,1,1,1,1,1,1,1,0,1975-10-12
oai:pangaea.de:doi:10.1594/PANGAEA.666396,1,1,1,1,1,1,1,1,1,1,1,1,1,1,0,1970-10-15
oai:pangaea.de:doi:10.1594/PANGAEA.666860,1,1,1,0,1,1,1,1,1,1,1,1,1,1,1,2007-10-17
oai:pangaea.de:doi:10.1594/PANGAEA.666880,1,1,1,1,1,1,1,1,1,1,1,1,1,1,0,2003-10-18
oai:pangaea.de:doi:10.1594/PANGAEA.666903,1,1,1,1,1,1,1,1,1,1,1,1,1,1,0,2002-10-19
oai:pangaea.de:doi:10.1594/PANGAEA.666916,1,1,1,1,1,1,1,1,1,1,1,1,1,1,1,2007-10-19
oai:pangaea.de:doi:10.1594/PANGAEA.666969,1,1,1,1,1,1,1,1,1,1,1,1,1,1,0,1998-10-22
oai:pangaea.de:doi:10.1594/PANGAEA.667033,1,1,1,1,1,1,1,1,1,1,1,1,1,1,0,2004-10-23
oai:pangaea.de:doi:10.1594/PANGAEA.667070,1,1,1,1,1,1,1,1,1,1,1,1,1,1,0,1999-10-23
oai:pangaea.de:doi:10.1594/PANGAEA.667078,1,1,1,1,1,1,1,1,1,1,1,1,1,1,0,1995-10-24
oai:pangaea.de:doi:10.1594/PANGAEA.667084,1,1,1,1,1,1,1,1,1,1,1,1,1,1,0,1994-10-25
oai:pangaea.de:doi:10.1594/PANGAEA.667112,1,1,1,1,1,1,1,1,1,1,1,1,1,1,0,2000-10-26
oai:pangaea.de:doi:10.1594/PANGAEA.667121,1,1,1,1,1,1,1,1,1,1,1,1,1,1,0,1995-10-29
oai:pangaea.de:doi:10.1594/PANGAEA.667122,1,1,1,1,1,1,1,1,1,1,1,1,1,1,0,2008-10-29
oai:pangaea.de:doi:10.1594/PANGAEA.667140,1,1,1,1,1,1,1,1,1,1,1,1,1,1,0,1996-10-29
oai:pangaea.de:doi:10.1594/PANGAEA.667166,1,1,1,1,1,1,1,1,1,1,1,1,1,1,0,1993-10-30
oai:pangaea.de:doi:10.1594/PANGAEA.667181,1,1,1,1,1,1,1,1,1,1,1,1,1,1,0,1992-10-30
oai:pangaea.de:doi:10.1594/PANGAEA.667336,1,1,1,1,1,1,1,1,1,1,1,1,1,1,0,1984-11-02
oai:pangaea.de:doi:10.1594/PANGAEA.667342,1,1,1,1,1,1,1,1,1,1,1,1,1,1,0,1982-11-02
oai:pangaea.de:doi:10.1594/PANGAEA.667373,1,1,1,1,1,1,1,1,1,1,1,1,1,1,0,1981-11-02
oai:pangaea.de:doi:10.1594/PANGAEA.667436,1,1,1,1,1,1,1,1,1,1,1,1,1,1,0,1980-11-07
oai:pangaea.de:doi:10.1594/PANGAEA.667437,1,1,1,1,1,1,1,1,1,1,1,1,1,1,0,1981-11-07
oai:pangaea.de:doi:10.1594/PANGAEA.667438,1,1,1,1,1,1,1,1,1,1,1,1,1,1,0,1979-11-07
oai:pangaea.de:doi:10.1594/PANGAEA.667439,1,1,1,1,1,1,1,1,1,1,1,1,1,1,1,2006-11-07
oai:pangaea.de:doi:10.1594/PANGAEA.667443,1,1,1,1,1,1,1,1,1,1,1,1,1,1,0,2007-11-07
oai:pangaea.de:doi:10.1594/PANGAEA.667460,1,1,1,1,1,1,1,1,1,1,1,1,1,1,0,1979-11-07
oai:pangaea.de:doi:10.1594/PANGAEA.667464,1,1,1,1,1,1,1,1,1,1,1,1,1,1,0,1991-11-07
oai:pangaea.de:doi:10.1594/PANGAEA.667467,1,1,1,1,1,1,1,1,1,1,1,1,1,1,0,2007-11-08
oai:pangaea.de:doi:10.1594/PANGAEA.667495,1,1,1,1,1,1,1,1,1,1,1,1,1,1,0,1977-11-09
oai:pangaea.de:doi:10.1594/PANGAEA.667499,1,1,1,1,1,1,1,1,1,1,1,1,1,1,0,2007-11-09
oai:pangaea.de:doi:10.1594/PANGAEA.667520,1,1,1,1,1,1,1,1,1,1,1,1,1,1,0,1990-11-12
oai:pangaea.de:doi:10.1594/PANGAEA.667645,1,1,1,1,1,1,1,1,1,1,1,1,1,1,0,2007-11-13
oai:pangaea.de:doi:10.1594/PANGAEA.667646,1,1,1,0,1,1,1,1,1,1,1,1,1,1,1,2007-11-14
oai:pangaea.de:doi:10.1594/PANGAEA.668243,1,1,1,1,1,1,1,1,1,1,1,1,1,1,0,1989-11-21
oai:pangaea.de:doi:10.1594/PANGAEA.668386,1,1,1,1,1,1,1,1,1,1,1,1,1,1,0,2007-11-22
oai:pangaea.de:doi:10.1594/PANGAEA.668588,1,1,1,1,1,1,1,1,1,1,1,1,1,1,0,2007-11-23
oai:pangaea.de:doi:10.1594/PANGAEA.669505,1,1,1,1,1,1,1,1,1,1,1,1,1,1,0,1992-11-26
oai:pangaea.de:doi:10.1594/PANGAEA.669644,1,1,1,1,1,1,1,1,1,1,1,1,1,1,0,2007-11-27
oai:pangaea.de:doi:10.1594/PANGAEA.670151,1,1,1,1,1,1,1,1,1,1,1,1,1,1,0,1989-11-28
oai:pangaea.de:doi:10.1594/PANGAEA.670343,1,1,1,1,1,1,1,1,1,1,1,1,1,1,0,2007-11-29
oai:pangaea.de:doi:10.1594/PANGAEA.670929,1,1,1,1,1,1,1,1,1,1,1,1,1,1,0,2005-11-29
oai:pangaea.de:doi:10.1594/PANGAEA.671371,1,1,1,1,1,1,1,1,1,1,1,1,1,1,0,2003-12-03
oai:pangaea.de:doi:10.1594/PANGAEA.671520,1,1,1,1,1,1,1,1,1,1,1,1,1,1,0,2008-12-05
oai:pangaea.de:doi:10.1594/PANGAEA.671555,1,1,1,1,1,1,1,1,1,1,1,1,1,1,0,2007-12-05
oai:pangaea.de:doi:10.1594/PANGAEA.671563,1,1,1,1,1,1,1,1,1,1,1,1,1,1,0,2007-12-05
oai:pangaea.de:doi:10.1594/PANGAEA.671626,1,1,1,1,1,1,1,1,1,1,1,1,1,1,0,2000-08-16
oai:pangaea.de:doi:10.1594/PANGAEA.671682,1,1,1,1,1,1,1,1,1,1,1,1,1,1,0,2007-12-07
oai:pangaea.de:doi:10.1594/PANGAEA.671685,1,1,1,1,1,1,1,1,1,1,1,1,1,1,0,2000-03-16
oai:pangaea.de:doi:10.1594/PANGAEA.672023,1,1,1,1,1,1,1,1,1,1,1,1,1,1,0,2007-12-12
oai:pangaea.de:doi:10.1594/PANGAEA.672041,1,1,1,1,1,1,1,1,1,1,1,1,1,1,0,2007-12-13
oai:pangaea.de:doi:10.1594/PANGAEA.672052,1,1,1,1,1,1,1,1,1,1,1,1,1,1,0,2007-12-13
oai:pangaea.de:doi:10.1594/PANGAEA.672067,1,1,1,1,1,1,1,1,1,1,1,1,1,1,0,2007-12-14
oai:pangaea.de:doi:10.1594/PANGAEA.672082,1,1,1,1,1,1,1,1,1,1,1,1,1,1,0,2007-12-17
oai:pangaea.de:doi:10.1594/PANGAEA.672098,1,1,1,1,1,1,1,1,1,1,1,1,1,1,0,2007-12-18
oai:pangaea.de:doi:10.1594/PANGAEA.672406,1,1,1,1,1,1,1,1,1,1,1,1,1,1,0,2006-12-20
oai:pangaea.de:doi:10.1594/PANGAEA.672519,1,1,1,1,1,1,1,1,1,1,1,1,1,1,0,2006-12-21
oai:pangaea.de:doi:10.1594/PANGAEA.675504,1,1,1,1,1,1,1,1,1,1,1,1,1,1,0,2007-01-04
oai:pangaea.de:doi:10.1594/PANGAEA.676680,1,1,1,1,1,1,1,1,1,1,1,1,1,1,0,2006-01-08
oai:pangaea.de:doi:10.1594/PANGAEA.676688,1,1,1,1,1,1,1,1,1,1,1,1,1,1,0,2005-01-09
oai:pangaea.de:doi:10.1594/PANGAEA.676719,1,1,1,1,1,1,1,1,1,1,1,1,1,1,1,2008-01-10
oai:pangaea.de:doi:10.1594/PANGAEA.676724,1,1,1,1,1,1,1,1,1,1,1,1,1,1,0,2006-01-11
oai:pangaea.de:doi:10.1594/PANGAEA.676892,1,1,1,1,1,1,1,1,1,1,1,1,1,1,0,2005-01-15
oai:pangaea.de:doi:10.1594/PANGAEA.676899,1,1,1,1,1,1,1,1,1,1,1,1,1,1,0,2004-01-15
oai:pangaea.de:doi:10.1594/PANGAEA.676915,1,1,1,1,1,1,1,1,1,1,1,1,1,1,0,2004-01-15
oai:pangaea.de:doi:10.1594/PANGAEA.676944,1,1,1,1,1,1,1,1,1,1,1,1,1,1,0,2004-01-15
oai:pangaea.de:doi:10.1594/PANGAEA.676965,1,1,1,1,1,1,1,1,1,1,1,1,1,1,0,2004-01-15
oai:pangaea.de:doi:10.1594/PANGAEA.678249,1,1,1,1,1,1,1,1,1,1,1,1,1,1,0,2004-01-16
oai:pangaea.de:doi:10.1594/PANGAEA.678263,1,1,1,1,1,1,1,1,1,1,1,1,1,1,0,1982-01-16
oai:pangaea.de:doi:10.1594/PANGAEA.678268,1,1,1,1,1,1,1,1,1,1,1,1,1,1,1,1988-01-16
oai:pangaea.de:doi:10.1594/PANGAEA.678283,1,1,1,1,1,1,1,1,1,1,1,1,1,1,0,2004-01-17
oai:pangaea.de:doi:10.1594/PANGAEA.678284,1,1,1,1,1,1,1,1,1,1,1,1,1,1,1,2008-01-17
oai:pangaea.de:doi:10.1594/PANGAEA.678289,1,1,1,0,1,1,1,1,1,1,1,1,1,1,1,2008-01-17
oai:pangaea.de:doi:10.1594/PANGAEA.678290,1,1,1,1,1,1,1,1,1,1,1,1,1,1,0,2003-01-17
oai:pangaea.de:doi:10.1594/PANGAEA.678297,1,1,1,0,1,1,1,1,1,1,1,1,1,1,0,2008-01-17
oai:pangaea.de:doi:10.1594/PANGAEA.678299,1,1,1,1,1,1,1,1,1,1,1,1,1,1,0,2003-01-17
oai:pangaea.de:doi:10.1594/PANGAEA.678305,1,1,1,0,1,1,1,1,1,1,1,1,1,1,1,2008-01-18
oai:pangaea.de:doi:10.1594/PANGAEA.678311,1,1,1,0,1,1,1,1,1,1,1,1,1,1,1,1994-01-18
oai:pangaea.de:doi:10.1594/PANGAEA.678315,1,1,1,0,1,1,1,1,1,1,1,1,1,1,1,1994-01-18
oai:pangaea.de:doi:10.1594/PANGAEA.678472,1,1,1,1,1,1,1,1,1,1,1,1,1,1,0,2002-01-21
oai:pangaea.de:doi:10.1594/PANGAEA.678473,1,1,1,0,1,1,1,1,1,1,1,1,1,1,1,1996-01-21
oai:pangaea.de:doi:10.1594/PANGAEA.678474,1,1,1,0,1,1,1,1,1,1,1,1,1,1,1,2008-01-21
oai:pangaea.de:doi:10.1594/PANGAEA.678475,1,1,1,0,1,1,1,1,1,1,1,1,1,1,1,1997-01-21
oai:pangaea.de:doi:10.1594/PANGAEA.678478,1,1,1,1,1,1,1,1,1,1,1,1,1,1,0,2002-01-21
oai:pangaea.de:doi:10.1594/PANGAEA.678485,1,1,1,1,1,1,1,1,1,1,1,1,1,1,0,2002-01-21
oai:pangaea.de:doi:10.1594/PANGAEA.678516,1,1,1,1,1,1,1,1,1,1,1,1,1,1,0,2002-01-22
oai:pangaea.de:doi:10.1594/PANGAEA.678517,1,1,1,1,1,1,1,1,1,1,1,1,1,1,0,2003-01-22
oai:pangaea.de:doi:10.1594/PANGAEA.678533,1,1,1,1,1,1,1,1,1,1,1,1,1,1,0,2002-01-22
oai:pangaea.de:doi:10.1594/PANGAEA.678543,1,1,1,1,1,1,1,1,1,1,1,1,1,1,0,2001-01-22
oai:pangaea.de:doi:10.1594/PANGAEA.679318,1,1,1,1,1,1,1,1,1,1,1,1,1,1,0,2000-01-23
oai:pangaea.de:doi:10.1594/PANGAEA.679325,1,1,1,1,1,1,1,1,1,1,1,1,1,1,0,2000-01-23
oai:pangaea.de:doi:10.1594/PANGAEA.679333,1,1,1,1,1,1,1,1,1,1,1,1,1,1,0,1999-01-23
oai:pangaea.de:doi:10.1594/PANGAEA.679411,1,1,1,1,1,1,1,1,1,1,1,1,1,1,0,1999-01-24
oai:pangaea.de:doi:10.1594/PANGAEA.679415,1,1,1,1,1,1,1,1,1,1,1,1,1,1,0,1998-01-24
oai:pangaea.de:doi:10.1594/PANGAEA.679419,1,1,1,1,1,1,1,1,1,1,1,1,1,1,0,2008-01-24
oai:pangaea.de:doi:10.1594/PANGAEA.679777,1,1,1,1,1,1,1,1,1,1,1,1,1,1,0,2004-01-25
oai:pangaea.de:doi:10.1594/PANGAEA.680689,1,1,1,0,1,1,1,1,1,1,1,1,1,1,1,2001-01-28
oai:pangaea.de:doi:10.1594/PANGAEA.680690,1,1,1,0,1,1,1,1,1,1,1,1,1,1,1,1996-01-28
oai:pangaea.de:doi:10.1594/PANGAEA.680691,1,1,1,0,1,1,1,1,1,1,1,1,1,1,1,2008-01-28
oai:pangaea.de:doi:10.1594/PANGAEA.680698,1,1,1,0,1,1,1,1,1,1,1,1,1,1,1,2008-01-28
oai:pangaea.de:doi:10.1594/PANGAEA.680747,1,1,1,1,1,1,1,1,1,1,1,1,1,1,0,1971-01-28
oai:pangaea.de:doi:10.1594/PANGAEA.680761,1,1,1,0,1,1,1,1,1,1,1,1,1,1,1,2008-01-29
oai:pangaea.de:doi:10.1594/PANGAEA.680766,1,1,1,1,1,1,1,1,1,1,1,1,1,1,0,2008-01-29
oai:pangaea.de:doi:10.1594/PANGAEA.680797,1,1,1,0,1,1,1,1,1,1,1,1,1,1,1,2001-02-01
oai:pangaea.de:doi:10.1594/PANGAEA.680798,1,1,1,0,1,1,1,1,1,1,1,1,1,1,1,1996-02-01
oai:pangaea.de:doi:10.1594/PANGAEA.680799,1,1,1,0,1,1,1,1,1,1,1,1,1,1,1,1998-02-01
oai:pangaea.de:doi:10.1594/PANGAEA.680838,1,1,1,0,1,1,1,1,1,1,1,1,1,1,1,1999-02-04
oai:pangaea.de:doi:10.1594/PANGAEA.680849,1,1,1,0,1,1,1,1,1,1,1,1,1,1,1,1991-02-05
oai:pangaea.de:doi:10.1594/PANGAEA.680850,1,1,1,0,1,1,1,1,1,1,1,1,1,1,1,1992-02-05
oai:pangaea.de:doi:10.1594/PANGAEA.680851,1,1,1,0,1,1,1,1,1,1,1,1,1,1,1,1993-02-05
oai:pangaea.de:doi:10.1594/PANGAEA.681253,1,1,1,1,1,1,1,1,1,1,1,1,1,1,1,2008-02-05
oai:pangaea.de:doi:10.1594/PANGAEA.681280,1,1,1,1,1,1,1,1,1,1,1,1,1,1,0,1997-02-06
oai:pangaea.de:doi:10.1594/PANGAEA.681320,1,1,1,1,1,1,1,1,1,1,1,1,1,1,0,1997-02-06
oai:pangaea.de:doi:10.1594/PANGAEA.681427,1,1,1,1,1,1,1,1,1,1,1,1,1,1,0,1998-02-07
oai:pangaea.de:doi:10.1594/PANGAEA.681693,1,1,1,1,1,1,1,1,1,1,1,1,1,1,0,1998-02-08
oai:pangaea.de:doi:10.1594/PANGAEA.681717,1,1,1,1,1,1,1,1,1,1,1,1,1,1,0,1996-02-08
oai:pangaea.de:doi:10.1594/PANGAEA.681724,1,1,1,1,1,1,1,1,1,1,1,1,1,1,0,1996-02-11
oai:pangaea.de:doi:10.1594/PANGAEA.681805,1,1,1,1,1,1,1,1,1,1,1,1,1,1,0,1996-02-11
oai:pangaea.de:doi:10.1594/PANGAEA.681878,1,1,1,1,1,1,1,1,1,1,1,1,1,1,0,1996-02-11
oai:pangaea.de:doi:10.1594/PANGAEA.682041,1,1,1,1,1,1,1,1,1,1,1,1,1,1,0,1995-02-12
oai:pangaea.de:doi:10.1594/PANGAEA.682255,1,1,1,1,1,1,1,1,1,1,1,1,1,1,0,1996-02-13
oai:pangaea.de:doi:10.1594/PANGAEA.682260,1,1,1,1,1,1,1,1,1,1,1,1,1,1,0,1996-02-13
oai:pangaea.de:doi:10.1594/PANGAEA.682280,1,1,1,1,1,1,1,1,1,1,1,1,1,1,0,1996-02-13
oai:pangaea.de:doi:10.1594/PANGAEA.682356,1,1,1,1,1,1,1,1,1,1,1,1,1,1,0,1983-02-15
oai:pangaea.de:doi:10.1594/PANGAEA.682711,1,1,1,1,1,1,1,1,1,1,1,1,1,1,0,1994-02-18
oai:pangaea.de:doi:10.1594/PANGAEA.682994,1,1,1,1,1,1,1,1,1,1,1,1,1,1,0,1994-02-19
oai:pangaea.de:doi:10.1594/PANGAEA.683073,1,1,1,1,1,1,1,1,1,1,1,1,1,1,0,1993-02-19
oai:pangaea.de:doi:10.1594/PANGAEA.683524,1,1,1,1,1,1,1,1,1,1,1,1,1,1,0,1993-02-20
oai:pangaea.de:doi:10.1594/PANGAEA.683531,1,1,1,1,1,1,1,1,1,1,1,1,1,1,0,1992-02-20
oai:pangaea.de:doi:10.1594/PANGAEA.683533,1,1,1,1,1,1,1,1,1,1,1,1,1,1,0,1989-02-20
oai:pangaea.de:doi:10.1594/PANGAEA.683554,1,1,1,1,1,1,1,1,1,1,1,1,1,1,0,1995-02-21
oai:pangaea.de:doi:10.1594/PANGAEA.683648,1,1,1,1,1,1,1,1,1,1,1,1,1,1,0,1995-02-22
oai:pangaea.de:doi:10.1594/PANGAEA.683672,1,1,1,1,1,1,1,1,1,1,1,1,1,1,0,1992-02-22
oai:pangaea.de:doi:10.1594/PANGAEA.683833,1,1,1,1,1,1,1,1,1,1,1,1,1,1,1,2008-02-25
oai:pangaea.de:doi:10.1594/PANGAEA.683836,1,1,1,1,1,1,1,1,1,1,1,1,1,1,0,1992-02-25
oai:pangaea.de:doi:10.1594/PANGAEA.683866,1,1,1,1,1,1,1,1,1,1,1,1,1,1,0,1993-02-25
oai:pangaea.de:doi:10.1594/PANGAEA.683876,1,1,1,1,1,1,1,1,1,1,1,1,1,1,0,1993-02-26
oai:pangaea.de:doi:10.1594/PANGAEA.683884,1,1,1,1,1,1,1,1,1,1,1,1,1,1,0,1986-02-27
oai:pangaea.de:doi:10.1594/PANGAEA.683887,1,1,1,1,1,1,1,1,1,1,1,1,1,1,0,1989-02-27
oai:pangaea.de:doi:10.1594/PANGAEA.683984,1,1,1,1,1,1,1,1,1,1,1,1,1,1,0,1992-02-28
oai:pangaea.de:doi:10.1594/PANGAEA.684353,1,1,1,1,1,1,1,1,1,1,1,1,1,1,0,1986-02-28
oai:pangaea.de:doi:10.1594/PANGAEA.684665,1,1,1,1,1,1,1,1,1,1,1,1,1,1,0,1986-03-03
oai:pangaea.de:doi:10.1594/PANGAEA.684689,1,1,1,1,1,1,1,1,1,1,1,1,1,1,0,2006-03-03
oai:pangaea.de:doi:10.1594/PANGAEA.684703,1,1,1,1,1,1,1,1,1,1,1,1,1,1,0,2005-03-04
oai:pangaea.de:doi:10.1594/PANGAEA.685591,1,1,1,1,1,1,1,1,1,1,1,1,1,1,1,1991-03-06
oai:pangaea.de:doi:10.1594/PANGAEA.685594,1,1,1,1,1,1,1,1,1,1,1,1,1,1,0,2005-03-06
oai:pangaea.de:doi:10.1594/PANGAEA.685598,1,1,1,1,1,1,1,1,1,1,1,1,1,1,0,2002-03-07
oai:pangaea.de:doi:10.1594/PANGAEA.686220,1,1,1,1,1,1,1,1,1,1,1,1,1,1,1,2008-03-12
oai:pangaea.de:doi:10.1594/PANGAEA.686248,1,1,1,1,1,1,1,1,1,1,1,1,1,1,0,2002-03-12
oai:pangaea.de:doi:10.1594/PANGAEA.686641,1,1,1,1,1,1,1,1,1,1,1,1,1,1,1,1998-03-13
oai:pangaea.de:doi:10.1594/PANGAEA.686705,1,1,1,1,1,1,1,1,1,1,1,1,1,1,0,2008-03-14
oai:pangaea.de:doi:10.1594/PANGAEA.686707,1,1,1,1,1,1,1,1,1,1,1,1,1,1,0,1992-03-14
oai:pangaea.de:doi:10.1594/PANGAEA.687271,1,1,1,1,1,1,1,1,1,1,1,1,1,1,0,1991-03-17
oai:pangaea.de:doi:10.1594/PANGAEA.687607,1,1,1,1,1,1,1,1,1,1,1,1,1,1,0,1991-03-17
oai:pangaea.de:doi:10.1594/PANGAEA.687608,1,1,1,1,1,1,1,1,1,1,1,1,1,1,0,2008-03-17
oai:pangaea.de:doi:10.1594/PANGAEA.687647,1,1,1,1,1,1,1,1,1,1,1,1,1,1,0,1976-03-18
oai:pangaea.de:doi:10.1594/PANGAEA.687693,1,1,1,1,1,1,1,1,1,1,1,1,1,1,0,2002-03-19
oai:pangaea.de:doi:10.1594/PANGAEA.687699,1,1,1,1,1,1,1,1,1,1,1,1,1,1,0,2004-03-19
oai:pangaea.de:doi:10.1594/PANGAEA.687704,1,1,1,1,1,1,1,1,1,1,1,1,1,1,0,1979-03-19
oai:pangaea.de:doi:10.1594/PANGAEA.688475,1,1,1,1,1,1,1,1,1,1,1,1,1,1,0,1981-03-20
oai:pangaea.de:doi:10.1594/PANGAEA.688698,1,1,1,1,1,1,1,1,1,1,1,1,1,1,0,2001-03-25
oai:pangaea.de:doi:10.1594/PANGAEA.688711,1,1,1,1,1,1,1,1,1,1,1,1,1,1,0,2007-03-26
oai:pangaea.de:doi:10.1594/PANGAEA.688721,1,1,1,1,1,1,1,1,1,1,1,1,1,1,0,2007-03-26
oai:pangaea.de:doi:10.1594/PANGAEA.688740,1,1,1,1,1,1,1,1,1,1,1,1,1,1,0,1993-03-27
oai:pangaea.de:doi:10.1594/PANGAEA.688741,1,1,1,1,1,1,1,1,1,1,1,1,1,1,0,1993-03-27
oai:pangaea.de:doi:10.1594/PANGAEA.688742,1,1,1,1,1,1,1,1,1,1,1,1,1,1,0,1977-03-27
oai:pangaea.de:doi:10.1594/PANGAEA.688743,1,1,1,1,1,1,1,1,1,1,1,1,1,1,0,1982-03-27
oai:pangaea.de:doi:10.1594/PANGAEA.688750,1,1,1,1,1,1,1,1,1,1,1,1,1,1,0,1985-03-27
oai:pangaea.de:doi:10.1594/PANGAEA.688751,1,1,1,1,1,1,1,1,1,1,1,1,1,1,0,1986-03-27
oai:pangaea.de:doi:10.1594/PANGAEA.688785,1,1,1,1,1,1,1,1,1,1,1,1,1,1,0,1994-03-27
oai:pangaea.de:doi:10.1594/PANGAEA.689767,1,1,1,1,1,1,1,1,1,1,1,1,1,1,0,2001-03-27
oai:pangaea.de:doi:10.1594/PANGAEA.690351,1,1,1,1,1,1,1,1,1,1,1,1,1,1,0,1985-03-27
oai:pangaea.de:doi:10.1594/PANGAEA.690352,1,1,1,1,1,1,1,1,1,1,1,1,1,1,0,1979-03-27
oai:pangaea.de:doi:10.1594/PANGAEA.690353,1,1,1,1,1,1,1,1,1,1,1,1,1,1,0,1980-03-27
oai:pangaea.de:doi:10.1594/PANGAEA.690354,1,1,1,1,1,1,1,1,1,1,1,1,1,1,0,1986-03-27
oai:pangaea.de:doi:10.1594/PANGAEA.690355,1,1,1,1,1,1,1,1,1,1,1,1,1,1,0,1981-03-27
oai:pangaea.de:doi:10.1594/PANGAEA.690356,1,1,1,1,1,1,1,1,1,1,1,1,1,1,0,1990-03-27
oai:pangaea.de:doi:10.1594/PANGAEA.690357,1,1,1,1,1,1,1,1,1,1,1,1,1,1,0,1990-03-27
oai:pangaea.de:doi:10.1594/PANGAEA.690364,1,1,1,1,1,1,1,1,1,1,1,1,1,1,0,2008-03-28
oai:pangaea.de:doi:10.1594/PANGAEA.690371,1,1,1,1,1,1,1,1,1,1,1,1,1,1,0,1983-03-31
oai:pangaea.de:doi:10.1594/PANGAEA.690393,1,1,1,1,1,1,1,1,1,1,1,1,1,1,0,1997-04-01
oai:pangaea.de:doi:10.1594/PANGAEA.690398,1,1,1,1,1,1,1,1,1,1,1,1,1,1,0,2002-04-01
oai:pangaea.de:doi:10.1594/PANGAEA.690404,1,1,1,1,1,1,1,1,1,1,1,1,1,1,0,1986-04-01
oai:pangaea.de:doi:10.1594/PANGAEA.690409,1,1,1,1,1,1,1,1,1,1,1,1,1,1,0,1992-04-02
oai:pangaea.de:doi:10.1594/PANGAEA.690418,1,1,1,1,1,1,1,1,1,1,1,1,1,1,0,1994-04-03
oai:pangaea.de:doi:10.1594/PANGAEA.690423,1,1,1,1,1,1,1,1,1,1,1,1,1,1,0,1992-04-03
oai:pangaea.de:doi:10.1594/PANGAEA.690435,1,1,1,1,1,1,1,1,1,1,1,1,1,1,0,1993-04-03
oai:pangaea.de:doi:10.1594/PANGAEA.690438,1,1,1,1,1,1,1,1,1,1,1,1,1,1,0,1992-04-04
oai:pangaea.de:doi:10.1594/PANGAEA.690441,1,1,1,1,1,1,1,1,1,1,1,1,1,1,0,1996-04-04
oai:pangaea.de:doi:10.1594/PANGAEA.690449,1,1,1,1,1,1,1,1,1,1,1,1,1,1,0,2002-04-07
oai:pangaea.de:doi:10.1594/PANGAEA.690483,1,1,1,1,1,1,1,1,1,1,1,1,1,1,0,1985-04-08
oai:pangaea.de:doi:10.1594/PANGAEA.690492,1,1,1,1,1,1,1,1,1,1,1,1,1,1,0,1992-04-08
oai:pangaea.de:doi:10.1594/PANGAEA.690494,1,1,1,1,1,1,1,1,1,1,1,1,1,1,0,1983-04-08
oai:pangaea.de:doi:10.1594/PANGAEA.690495,1,1,1,1,1,1,1,1,1,1,1,1,1,1,0,1983-04-08
oai:pangaea.de:doi:10.1594/PANGAEA.690496,1,1,1,1,1,1,1,1,1,1,1,1,1,1,0,1985-04-08
oai:pangaea.de:doi:10.1594/PANGAEA.690503,1,1,1,1,1,1,1,1,1,1,1,1,1,1,0,2009-04-09
oai:pangaea.de:doi:10.1594/PANGAEA.690511,1,1,1,1,1,1,1,1,1,1,1,1,1,1,0,2002-04-09
oai:pangaea.de:doi:10.1594/PANGAEA.690523,1,1,1,1,1,1,1,1,1,1,1,1,1,1,0,2008-04-09
oai:pangaea.de:doi:10.1594/PANGAEA.690547,1,1,1,1,1,1,1,1,1,1,1,1,1,1,0,1989-04-09
oai:pangaea.de:doi:10.1594/PANGAEA.690548,1,1,1,1,1,1,1,1,1,1,1,1,1,1,0,1984-04-09
oai:pangaea.de:doi:10.1594/PANGAEA.690550,1,1,1,1,1,1,1,1,1,1,1,1,1,1,0,1986-04-09
oai:pangaea.de:doi:10.1594/PANGAEA.690553,1,1,1,1,1,1,1,1,1,1,1,1,1,1,0,1984-04-09
oai:pangaea.de:doi:10.1594/PANGAEA.690554,1,1,1,1,1,1,1,1,1,0,1,1,1,1,0,1985-04-09
oai:pangaea.de:doi:10.1594/PANGAEA.690556,1,1,1,1,1,1,1,1,1,1,1,1,1,1,0,1990-04-09
oai:pangaea.de:doi:10.1594/PANGAEA.690557,1,1,1,1,1,1,1,1,1,1,1,1,1,1,0,1990-04-09
oai:pangaea.de:doi:10.1594/PANGAEA.690586,1,1,1,1,1,1,1,1,1,1,1,1,1,1,0,1990-04-09
oai:pangaea.de:doi:10.1594/PANGAEA.690588,1,1,1,1,1,1,1,1,1,1,1,1,1,1,0,1987-04-09
oai:pangaea.de:doi:10.1594/PANGAEA.690626,1,1,1,1,1,1,1,1,1,1,1,1,1,1,0,1987-04-10
oai:pangaea.de:doi:10.1594/PANGAEA.690627,1,1,1,1,1,1,1,1,1,1,1,1,1,1,0,1989-04-10
oai:pangaea.de:doi:10.1594/PANGAEA.690635,1,1,1,1,1,1,1,1,1,1,1,1,1,1,0,1989-04-10
oai:pangaea.de:doi:10.1594/PANGAEA.690636,1,1,1,1,1,1,1,1,1,1,1,1,1,1,0,1989-04-10
oai:pangaea.de:doi:10.1594/PANGAEA.690637,1,1,1,1,1,1,1,1,1,1,1,1,1,1,0,1989-04-10
oai:pangaea.de:doi:10.1594/PANGAEA.690639,1,1,1,1,1,1,1,1,1,1,1,1,1,1,0,1989-04-10
oai:pangaea.de:doi:10.1594/PANGAEA.690642,1,1,1,1,1,1,1,1,1,1,1,1,1,1,0,1985-04-10
oai:pangaea.de:doi:10.1594/PANGAEA.690658,1,1,1,1,1,1,1,1,1,1,1,1,1,1,0,2005-04-10
oai:pangaea.de:doi:10.1594/PANGAEA.690806,1,1,1,1,1,1,1,1,1,1,1,1,1,1,0,2002-04-14
oai:pangaea.de:doi:10.1594/PANGAEA.690832,1,1,1,1,1,1,1,1,1,1,1,1,1,1,0,2000-04-14
oai:pangaea.de:doi:10.1594/PANGAEA.690848,1,1,1,1,1,1,1,1,1,1,1,1,1,1,0,2005-04-14
oai:pangaea.de:doi:10.1594/PANGAEA.690903,1,1,1,1,1,1,1,1,1,1,1,1,1,1,0,2007-04-16
oai:pangaea.de:doi:10.1594/PANGAEA.691012,1,1,1,1,1,1,1,1,1,1,1,1,1,1,0,1997-04-18
oai:pangaea.de:doi:10.1594/PANGAEA.691060,1,1,1,1,1,1,1,1,1,1,1,1,1,1,0,1997-04-18
oai:pangaea.de:doi:10.1594/PANGAEA.691304,1,1,1,1,1,1,1,1,1,1,1,1,1,1,0,2005-04-21
oai:pangaea.de:doi:10.1594/PANGAEA.691310,1,1,1,1,1,1,1,1,1,1,1,1,1,1,0,2008-04-22
oai:pangaea.de:doi:10.1594/PANGAEA.691313,1,1,1,1,1,1,1,1,1,1,1,1,1,1,0,2006-04-22
oai:pangaea.de:doi:10.1594/PANGAEA.691314,1,1,1,1,1,1,1,1,1,1,1,1,1,1,0,1984-04-22
oai:pangaea.de:doi:10.1594/PANGAEA.691329,1,1,1,1,1,1,1,1,1,1,1,1,1,1,0,2007-04-22
oai:pangaea.de:doi:10.1594/PANGAEA.691332,1,1,1,1,1,1,1,1,1,1,1,1,1,1,1,2001-04-22
oai:pangaea.de:doi:10.1594/PANGAEA.691343,1,1,1,1,1,1,1,1,1,1,1,1,1,1,1,1989-11-15
oai:pangaea.de:doi:10.1594/PANGAEA.691398,1,1,1,1,1,1,1,1,1,1,1,1,1,1,0,2007-04-24
oai:pangaea.de:doi:10.1594/PANGAEA.691407,1,1,1,1,1,1,1,1,1,1,1,1,1,1,0,2008-04-24
oai:pangaea.de:doi:10.1594/PANGAEA.691408,1,1,1,1,1,1,1,1,1,1,1,1,1,1,1,2003-04-24
oai:pangaea.de:doi:10.1594/PANGAEA.691455,1,1,1,1,1,1,1,1,1,1,1,1,1,1,0,1994-04-25
oai:pangaea.de:doi:10.1594/PANGAEA.691461,1,1,1,0,1,1,1,1,1,1,1,1,1,1,1,1998-04-25
oai:pangaea.de:doi:10.1594/PANGAEA.691478,1,1,1,1,1,1,1,1,1,1,1,1,1,1,0,2005-04-25
oai:pangaea.de:doi:10.1594/PANGAEA.692007,1,1,1,1,1,1,1,1,1,1,1,1,1,1,0,1995-04-30
oai:pangaea.de:doi:10.1594/PANGAEA.692012,1,1,1,1,1,1,1,1,1,1,1,1,1,1,1,1987-04-30
oai:pangaea.de:doi:10.1594/PANGAEA.692049,1,1,1,1,1,1,1,1,1,1,1,1,1,1,0,1988-05-05
oai:pangaea.de:doi:10.1594/PANGAEA.692050,1,1,1,1,1,1,1,1,1,1,1,1,1,1,0,1987-05-05
oai:pangaea.de:doi:10.1594/PANGAEA.692076,1,1,1,1,1,1,1,1,1,1,1,1,1,1,0,2000-05-05
oai:pangaea.de:doi:10.1594/PANGAEA.692091,1,1,1,1,1,1,1,1,1,1,1,1,1,1,0,1977-05-06
oai:pangaea.de:doi:10.1594/PANGAEA.692123,1,1,1,1,1,1,1,1,1,1,1,1,1,1,0,1986-05-07
oai:pangaea.de:doi:10.1594/PANGAEA.692130,1,1,1,1,1,1,1,1,1,1,1,1,1,1,0,1999-05-07
oai:pangaea.de:doi:10.1594/PANGAEA.692143,1,1,1,1,1,1,1,1,1,1,1,1,1,1,0,1992-05-07
oai:pangaea.de:doi:10.1594/PANGAEA.692144,1,1,1,1,1,1,1,1,1,1,1,1,1,1,0,2003-05-07
oai:pangaea.de:doi:10.1594/PANGAEA.692265,1,1,1,1,1,1,1,1,1,1,1,1,1,1,0,1974-05-09
oai:pangaea.de:doi:10.1594/PANGAEA.692856,1,1,1,1,1,1,1,1,1,1,1,1,1,1,0,2009-10-12
oai:pangaea.de:doi:10.1594/PANGAEA.693594,1,1,1,1,1,1,1,1,1,1,1,1,1,1,0,2008-05-15
oai:pangaea.de:doi:10.1594/PANGAEA.693723,1,1,1,1,1,1,1,1,1,1,1,1,1,1,0,2007-05-19
oai:pangaea.de:doi:10.1594/PANGAEA.693736,1,1,1,1,1,1,1,1,1,1,1,1,1,1,0,2007-05-19
oai:pangaea.de:doi:10.1594/PANGAEA.693818,1,1,1,1,1,1,1,1,1,1,1,1,1,1,0,1998-07-14
oai:pangaea.de:doi:10.1594/PANGAEA.693828,1,1,1,1,1,1,1,1,1,1,1,1,1,1,0,2007-05-20
oai:pangaea.de:doi:10.1594/PANGAEA.693833,1,1,1,1,1,1,1,1,1,1,1,1,1,1,0,2008-05-20
oai:pangaea.de:doi:10.1594/PANGAEA.693841,1,1,1,1,1,1,1,1,1,1,1,1,1,1,0,2007-05-20
oai:pangaea.de:doi:10.1594/PANGAEA.693872,1,1,1,1,1,1,1,1,1,1,1,1,1,1,0,2007-05-20
oai:pangaea.de:doi:10.1594/PANGAEA.693901,1,1,1,1,1,1,1,1,1,1,1,1,1,1,0,2007-05-21
oai:pangaea.de:doi:10.1594/PANGAEA.693920,1,1,1,1,1,1,1,1,1,1,1,1,1,1,0,2007-05-21
oai:pangaea.de:doi:10.1594/PANGAEA.693926,1,1,1,1,1,1,1,1,1,1,1,1,1,1,0,2006-05-22
oai:pangaea.de:doi:10.1594/PANGAEA.693929,1,1,1,1,1,1,1,1,1,1,1,1,1,1,0,2006-05-22
oai:pangaea.de:doi:10.1594/PANGAEA.693967,1,1,1,1,1,1,1,1,1,1,1,1,1,1,0,2006-05-23
oai:pangaea.de:doi:10.1594/PANGAEA.693977,1,1,1,1,1,1,1,1,1,1,1,1,1,1,0,2006-05-26
oai:pangaea.de:doi:10.1594/PANGAEA.693981,1,1,1,1,1,1,1,1,1,1,1,1,1,1,0,2006-05-26
oai:pangaea.de:doi:10.1594/PANGAEA.694021,1,1,1,1,1,1,1,1,1,1,1,1,1,1,0,2005-05-27
oai:pangaea.de:doi:10.1594/PANGAEA.694035,1,1,1,1,1,1,1,1,1,1,1,1,1,1,0,2005-05-28
oai:pangaea.de:doi:10.1594/PANGAEA.694040,1,1,1,1,1,1,1,1,1,1,1,1,1,1,0,2005-05-28
oai:pangaea.de:doi:10.1594/PANGAEA.694041,1,1,1,1,1,1,1,1,1,1,1,1,1,1,0,2005-05-28
oai:pangaea.de:doi:10.1594/PANGAEA.694086,1,1,1,1,1,1,1,1,1,1,1,1,1,1,0,2005-05-28
oai:pangaea.de:doi:10.1594/PANGAEA.694693,1,1,1,1,1,1,1,1,1,1,1,1,1,1,1,2004-05-29
oai:pangaea.de:doi:10.1594/PANGAEA.694721,1,1,1,1,1,1,1,1,1,1,1,1,1,1,0,2003-05-29
oai:pangaea.de:doi:10.1594/PANGAEA.694724,1,1,1,1,1,1,1,1,1,1,1,1,1,1,0,2004-05-29
oai:pangaea.de:doi:10.1594/PANGAEA.695122,1,1,1,1,1,1,1,1,1,1,1,1,1,1,0,2004-05-30
oai:pangaea.de:doi:10.1594/PANGAEA.695230,1,1,1,1,1,1,1,1,1,1,1,1,1,1,0,1993-06-03
oai:pangaea.de:doi:10.1594/PANGAEA.695311,1,1,1,1,1,1,1,1,1,1,1,1,1,1,0,2008-06-03
oai:pangaea.de:doi:10.1594/PANGAEA.695320,1,1,1,1,1,1,1,1,1,1,1,1,1,1,0,2003-06-04
oai:pangaea.de:doi:10.1594/PANGAEA.695350,1,1,1,1,1,1,1,1,1,1,1,1,1,1,0,2008-06-04
oai:pangaea.de:doi:10.1594/PANGAEA.695369,1,1,1,1,1,1,1,1,1,1,1,1,1,1,0,2003-06-05
oai:pangaea.de:doi:10.1594/PANGAEA.695407,1,1,1,1,1,1,1,1,1,1,1,1,1,1,0,2003-06-06
oai:pangaea.de:doi:10.1594/PANGAEA.695432,1,1,1,1,1,1,1,1,1,1,1,1,1,1,0,2008-06-09
oai:pangaea.de:doi:10.1594/PANGAEA.695505,1,1,1,1,1,1,1,1,1,1,1,1,1,1,1,1998-06-11
oai:pangaea.de:doi:10.1594/PANGAEA.695687,1,1,1,1,1,1,1,1,1,1,1,1,1,1,0,2008-06-16
oai:pangaea.de:doi:10.1594/PANGAEA.695831,1,1,1,1,1,1,1,1,1,1,1,1,1,1,0,2007-06-17
oai:pangaea.de:doi:10.1594/PANGAEA.695832,1,1,1,1,1,1,1,1,1,1,1,1,1,1,1,2008-06-17
oai:pangaea.de:doi:10.1594/PANGAEA.695931,1,1,1,1,1,1,1,1,1,1,1,1,1,1,0,1982-06-20
oai:pangaea.de:doi:10.1594/PANGAEA.695954,1,1,1,1,1,1,1,1,1,1,1,1,1,1,0,1978-06-20
oai:pangaea.de:doi:10.1594/PANGAEA.695995,1,1,1,1,1,1,1,1,1,1,1,1,1,1,0,2008-06-23
oai:pangaea.de:doi:10.1594/PANGAEA.696097,1,1,1,1,1,1,1,1,1,1,1,1,1,1,0,1989-06-24
oai:pangaea.de:doi:10.1594/PANGAEA.696106,1,1,1,1,1,1,1,1,1,1,1,1,1,1,0,2002-06-24
oai:pangaea.de:doi:10.1594/PANGAEA.696115,1,1,1,1,1,1,1,1,1,1,1,1,1,1,0,2008-06-24
oai:pangaea.de:doi:10.1594/PANGAEA.696118,1,1,1,0,1,1,1,1,1,1,1,1,1,1,1,1997-06-25
oai:pangaea.de:doi:10.1594/PANGAEA.696121,1,1,1,1,1,1,1,1,1,1,1,1,1,1,0,1994-06-25
oai:pangaea.de:doi:10.1594/PANGAEA.696137,1,1,1,1,1,1,1,1,1,1,1,1,1,1,0,1997-06-25
oai:pangaea.de:doi:10.1594/PANGAEA.696198,1,1,1,0,1,1,1,1,1,1,1,1,1,1,0,2008-06-25
oai:pangaea.de:doi:10.1594/PANGAEA.696220,1,1,1,0,1,1,1,1,1,1,1,1,1,1,0,2008-06-25
oai:pangaea.de:doi:10.1594/PANGAEA.696223,1,1,1,1,1,1,1,1,1,1,1,1,1,1,0,1989-06-26
oai:pangaea.de:doi:10.1594/PANGAEA.696248,1,1,1,0,1,1,1,1,1,1,1,1,1,1,0,2008-06-26
oai:pangaea.de:doi:10.1594/PANGAEA.696257,1,1,1,0,1,1,1,1,1,1,1,1,1,1,1,2008-06-26
oai:pangaea.de:doi:10.1594/PANGAEA.696268,1,1,1,0,1,1,1,1,1,1,1,1,1,1,1,2008-06-26
oai:pangaea.de:doi:10.1594/PANGAEA.696281,1,1,1,0,1,1,1,1,1,1,1,1,1,1,1,2008-06-26
oai:pangaea.de:doi:10.1594/PANGAEA.696287,1,1,1,1,1,1,1,1,1,1,1,1,1,1,0,2008-06-27
oai:pangaea.de:doi:10.1594/PANGAEA.696291,1,1,1,0,1,1,1,1,1,1,1,1,1,1,0,2008-06-27
oai:pangaea.de:doi:10.1594/PANGAEA.696302,1,1,1,1,1,1,1,1,1,1,1,1,1,1,1,2008-06-27
oai:pangaea.de:doi:10.1594/PANGAEA.696411,1,1,1,1,1,1,1,1,1,1,1,1,1,1,0,1993-06-30
oai:pangaea.de:doi:10.1594/PANGAEA.696412,1,1,1,1,1,1,1,1,1,1,1,1,1,1,0,1995-06-30
oai:pangaea.de:doi:10.1594/PANGAEA.696421,1,1,1,1,1,1,1,1,1,1,1,1,1,1,0,1983-06-30
oai:pangaea.de:doi:10.1594/PANGAEA.696434,1,1,1,1,1,1,1,1,1,1,1,1,1,1,0,1993-07-01
oai:pangaea.de:doi:10.1594/PANGAEA.696439,1,1,1,1,1,1,1,1,1,1,1,1,1,1,0,1993-07-01
oai:pangaea.de:doi:10.1594/PANGAEA.696444,1,1,1,1,1,1,1,1,1,1,1,1,1,1,0,1995-07-02
oai:pangaea.de:doi:10.1594/PANGAEA.696450,1,1,1,1,1,1,1,1,1,1,1,1,1,1,0,1995-07-02
oai:pangaea.de:doi:10.1594/PANGAEA.698981,1,1,1,1,1,1,1,1,1,1,1,1,1,1,0,1983-07-03
oai:pangaea.de:doi:10.1594/PANGAEA.698993,1,1,1,1,1,1,1,1,1,1,1,1,1,1,0,1984-07-03
oai:pangaea.de:doi:10.1594/PANGAEA.698997,1,1,1,1,1,1,1,1,1,1,1,1,1,1,0,1999-07-03
oai:pangaea.de:doi:10.1594/PANGAEA.700006,1,1,1,1,1,1,1,1,1,1,1,1,1,1,0,1992-07-03
oai:pangaea.de:doi:10.1594/PANGAEA.700011,1,1,1,1,1,1,1,1,1,1,1,1,1,1,0,1988-07-03
oai:pangaea.de:doi:10.1594/PANGAEA.700836,1,1,1,1,1,1,1,1,1,1,1,1,1,1,0,2008-07-04
oai:pangaea.de:doi:10.1594/PANGAEA.700864,1,1,1,1,1,1,1,1,1,1,1,1,1,1,0,1992-07-04
oai:pangaea.de:doi:10.1594/PANGAEA.700889,1,1,1,1,1,1,1,1,1,1,1,1,1,1,0,1982-07-05
oai:pangaea.de:doi:10.1594/PANGAEA.700892,1,1,1,1,1,1,1,1,1,1,1,1,1,1,0,1976-07-05
oai:pangaea.de:doi:10.1594/PANGAEA.700902,1,1,1,1,1,1,1,1,1,1,1,1,1,1,0,1988-07-07
oai:pangaea.de:doi:10.1594/PANGAEA.700904,1,1,1,1,1,1,1,1,1,1,1,1,1,1,1,2002-07-07
oai:pangaea.de:doi:10.1594/PANGAEA.700954,1,1,1,1,1,1,1,1,1,1,1,1,1,1,0,2000-07-08
oai:pangaea.de:doi:10.1594/PANGAEA.701224,1,1,1,1,1,1,1,1,1,1,1,1,1,1,0,2009-04-06
oai:pangaea.de:doi:10.1594/PANGAEA.701225,1,1,1,1,1,1,1,1,1,1,1,1,1,1,0,1998-07-10
oai:pangaea.de:doi:10.1594/PANGAEA.701229,1,1,1,1,1,1,1,1,1,1,1,1,1,1,0,1989-07-10
oai:pangaea.de:doi:10.1594/PANGAEA.701299,1,1,1,1,1,1,1,1,1,1,1,1,1,1,0,1986-07-14
oai:pangaea.de:doi:10.1594/PANGAEA.701300,1,1,1,1,1,1,1,1,1,1,1,1,1,1,0,1996-07-14
oai:pangaea.de:doi:10.1594/PANGAEA.701301,1,1,1,1,1,1,1,1,1,1,1,1,1,1,0,1989-07-14
oai:pangaea.de:doi:10.1594/PANGAEA.701302,1,1,1,1,1,1,1,1,1,1,1,1,1,1,1,2000-06-21
oai:pangaea.de:doi:10.1594/PANGAEA.701303,1,1,1,1,1,1,1,1,1,1,1,1,1,1,0,2008-07-14
oai:pangaea.de:doi:10.1594/PANGAEA.701316,1,1,1,1,1,1,1,1,1,1,1,1,1,1,0,1989-07-14
oai:pangaea.de:doi:10.1594/PANGAEA.701317,1,1,1,1,1,1,1,1,1,1,1,1,1,1,0,1992-07-14
oai:pangaea.de:doi:10.1594/PANGAEA.701333,1,1,1,1,1,1,1,1,1,1,1,1,1,1,0,2008-07-15
oai:pangaea.de:doi:10.1594/PANGAEA.701337,1,1,1,1,1,1,1,1,1,1,1,1,1,1,0,1989-07-15
oai:pangaea.de:doi:10.1594/PANGAEA.701338,1,1,1,1,1,1,1,1,1,1,1,1,1,1,0,2001-07-15
oai:pangaea.de:doi:10.1594/PANGAEA.701339,1,1,1,1,1,1,1,1,1,1,1,1,1,1,0,2003-12-02
oai:pangaea.de:doi:10.1594/PANGAEA.701344,1,1,1,1,1,1,1,1,1,1,1,1,1,1,0,2001-12-06
oai:pangaea.de:doi:10.1594/PANGAEA.701345,1,1,1,1,1,1,1,1,1,1,1,1,1,1,0,1985-05-28
oai:pangaea.de:doi:10.1594/PANGAEA.701354,1,1,1,1,1,1,1,1,1,1,1,1,1,1,0,2008-07-16
oai:pangaea.de:doi:10.1594/PANGAEA.701358,1,1,1,1,1,1,1,1,1,1,1,1,1,1,0,1987-07-16