id,atom:entry,atom:entry/atom:id,atom:entry/atom:link,atom:entry/atom:published,atom:entry/atom:updated,atom:entry/atom:source/atom:generator,atom:entry/atom:title,atom:entry/atom:author/atom:name,atom:entry/atom:category,atom:entry/oreatom:triples/rdf:Description,atom:entry/oreatom:triples/rdf:Description/rdf:type,atom:entry/oreatom:triples/rdf:Description/dcterms:modified,atom:entry/oreatom:triples/rdf:Description/dcterms:description,date
oai:secundus.datadryad.org:10255/dryad.12,1,1,1,1,1,1,1,1,1,1,1,1,0,2019-05-20T14:18:26.176+00:00
oai:secundus.datadryad.org:10255/dryad.16,1,1,1,1,1,1,1,1,1,1,1,1,1,2019-05-20T14:18:26.178+00:00
oai:secundus.datadryad.org:10255/dryad.17,1,1,1,1,1,1,1,1,1,1,1,1,1,2019-05-20T14:18:26.186+00:00
oai:secundus.datadryad.org:10255/dryad.18,1,1,1,1,1,1,1,1,1,1,1,1,0,2019-05-20T14:18:26.190+00:00
oai:secundus.datadryad.org:10255/dryad.19,1,1,1,1,1,1,1,1,1,1,1,1,1,2019-05-20T14:18:26.192+00:00
oai:secundus.datadryad.org:10255/dryad.20,1,1,1,1,1,1,1,1,1,1,1,1,0,2019-05-20T14:18:26.199+00:00
oai:secundus.datadryad.org:10255/dryad.23,1,1,1,1,1,1,1,1,1,1,1,1,1,2019-05-20T14:18:26.201+00:00
oai:secundus.datadryad.org:10255/dryad.25,1,1,1,1,1,1,1,1,1,1,1,1,0,2019-05-20T14:18:26.204+00:00
oai:secundus.datadryad.org:10255/dryad.26,1,1,1,1,1,1,1,1,1,1,1,1,1,2019-05-20T14:18:26.206+00:00
oai:secundus.datadryad.org:10255/dryad.27,1,1,1,1,1,1,1,1,1,1,1,1,1,2019-05-20T14:18:26.210+00:00
oai:secundus.datadryad.org:10255/dryad.28,1,1,1,1,1,1,1,1,1,1,1,1,1,2019-05-20T14:18:26.216+00:00
oai:secundus.datadryad.org:10255/dryad.29,1,1,1,1,1,1,1,1,1,1,1,1,1,2019-05-20T14:18:26.220+00:00
oai:secundus.datadryad.org:10255/dryad.30,1,1,1,1,1,1,1,1,1,1,1,1,1,2019-05-20T14:18:26.224+00:00
oai:secundus.datadryad.org:10255/dryad.31,1,1,1,1,1,1,1,1,1,1,1,1,1,2019-05-20T14:18:26.228+00:00
oai:secundus.datadryad.org:10255/dryad.32,1,1,1,1,1,1,1,1,1,1,1,1,1,2019-05-20T14:18:26.232+00:00
oai:secundus.datadryad.org:10255/dryad.33,1,1,1,1,1,1,1,1,1,1,1,1,1,2019-05-20T14:18:26.236+00:00
oai:secundus.datadryad.org:10255/dryad.34,1,1,1,1,1,1,1,1,1,1,1,1,1,2019-05-20T14:18:26.239+00:00
oai:secundus.datadryad.org:10255/dryad.35,1,1,1,1,1,1,1,1,1,1,1,1,1,2019-05-20T14:18:26.243+00:00
oai:secundus.datadryad.org:10255/dryad.36,1,1,1,1,1,1,1,1,1,1,1,1,1,2019-05-20T14:18:26.247+00:00
oai:secundus.datadryad.org:10255/dryad.37,1,1,1,1,1,1,1,1,1,1,1,1,1,2019-05-20T14:18:26.251+00:00
oai:secundus.datadryad.org:10255/dryad.38,1,1,1,1,1,1,1,1,1,1,1,1,1,2019-05-20T14:18:26.254+00:00
oai:secundus.datadryad.org:10255/dryad.39,1,1,1,1,1,1,1,1,1,1,1,1,1,2019-05-20T14:18:26.258+00:00
oai:secundus.datadryad.org:10255/dryad.40,1,1,1,1,1,1,1,1,1,1,1,1,1,2019-05-20T14:18:26.262+00:00
oai:secundus.datadryad.org:10255/dryad.41,1,1,1,1,1,1,1,1,1,1,1,1,1,2019-05-20T14:18:26.266+00:00
oai:secundus.datadryad.org:10255/dryad.42,1,1,1,1,1,1,1,1,1,1,1,1,1,2019-05-20T14:18:26.270+00:00
oai:secundus.datadryad.org:10255/dryad.43,1,1,1,1,1,1,1,1,1,1,1,1,1,2019-05-20T14:18:26.274+00:00
oai:secundus.datadryad.org:10255/dryad.44,1,1,1,1,1,1,1,1,1,1,1,1,1,2019-05-20T14:18:26.278+00:00
oai:secundus.datadryad.org:10255/dryad.45,1,1,1,1,1,1,1,1,1,1,1,1,1,2019-05-20T14:18:26.282+00:00
oai:secundus.datadryad.org:10255/dryad.46,1,1,1,1,1,1,1,1,1,1,1,1,1,2019-05-20T14:18:26.286+00:00
oai:secundus.datadryad.org:10255/dryad.47,1,1,1,1,1,1,1,1,1,1,1,1,1,2019-05-20T14:18:26.290+00:00
oai:secundus.datadryad.org:10255/dryad.48,1,1,1,1,1,1,1,1,1,1,1,1,1,2019-05-20T14:18:26.294+00:00
oai:secundus.datadryad.org:10255/dryad.49,1,1,1,1,1,1,1,1,1,1,1,1,1,2019-05-20T14:18:26.297+00:00
oai:secundus.datadryad.org:10255/dryad.50,1,1,1,1,1,1,1,1,1,1,1,1,1,2019-05-20T14:18:26.301+00:00
oai:secundus.datadryad.org:10255/dryad.51,1,1,1,1,1,1,1,1,1,1,1,1,1,2019-05-20T14:18:26.305+00:00
oai:secundus.datadryad.org:10255/dryad.52,1,1,1,1,1,1,1,1,1,1,1,1,1,2019-05-20T14:18:26.309+00:00
oai:secundus.datadryad.org:10255/dryad.53,1,1,1,1,1,1,1,1,1,1,1,1,1,2019-05-20T14:18:26.313+00:00
oai:secundus.datadryad.org:10255/dryad.54,1,1,1,1,1,1,1,1,1,1,1,1,1,2019-05-20T14:18:26.316+00:00
oai:secundus.datadryad.org:10255/dryad.55,1,1,1,1,1,1,1,1,1,1,1,1,1,2019-05-20T14:18:26.320+00:00
oai:secundus.datadryad.org:10255/dryad.56,1,1,1,1,1,1,1,1,1,1,1,1,1,2019-05-20T14:18:26.324+00:00
oai:secundus.datadryad.org:10255/dryad.57,1,1,1,1,1,1,1,1,1,1,1,1,1,2019-05-20T14:18:26.328+00:00
oai:secundus.datadryad.org:10255/dryad.58,1,1,1,1,1,1,1,1,1,1,1,1,1,2019-05-20T14:18:26.332+00:00
oai:secundus.datadryad.org:10255/dryad.59,1,1,1,1,1,1,1,1,1,1,1,1,0,2019-05-20T14:18:26.337+00:00
oai:secundus.datadryad.org:10255/dryad.60,1,1,1,1,1,1,1,1,1,1,1,1,1,2019-05-20T14:18:26.339+00:00
oai:secundus.datadryad.org:10255/dryad.62,1,1,1,1,1,1,1,1,1,1,1,1,0,2019-05-20T14:18:26.342+00:00
oai:secundus.datadryad.org:10255/dryad.61,1,1,1,1,1,1,1,1,1,1,1,1,1,2019-05-20T14:18:26.344+00:00
oai:secundus.datadryad.org:10255/dryad.64,1,1,1,1,1,1,1,1,1,1,1,1,0,2019-05-20T14:18:26.348+00:00
oai:secundus.datadryad.org:10255/dryad.65,1,1,1,1,1,1,1,1,1,1,1,1,1,2019-05-20T14:18:26.350+00:00
oai:secundus.datadryad.org:10255/dryad.66,1,1,1,1,1,1,1,1,1,1,1,1,0,2019-05-20T14:18:26.355+00:00
oai:secundus.datadryad.org:10255/dryad.67,1,1,1,1,1,1,1,1,1,1,1,1,1,2019-05-20T14:18:26.357+00:00
oai:secundus.datadryad.org:10255/dryad.68,1,1,1,1,1,1,1,1,1,1,1,1,0,2019-05-20T14:18:26.361+00:00
oai:secundus.datadryad.org:10255/dryad.69,1,1,1,1,1,1,1,1,1,1,1,1,1,2019-05-20T14:18:26.363+00:00
oai:secundus.datadryad.org:10255/dryad.70,1,1,1,1,1,1,1,1,1,1,1,1,0,2019-05-20T14:18:26.366+00:00
oai:secundus.datadryad.org:10255/dryad.71,1,1,1,1,1,1,1,1,1,1,1,1,1,2019-05-20T14:18:26.368+00:00
oai:secundus.datadryad.org:10255/dryad.72,1,1,1,1,1,1,1,1,1,1,1,1,1,2019-05-20T14:18:26.374+00:00
oai:secundus.datadryad.org:10255/dryad.73,1,1,1,1,1,1,1,1,1,1,1,1,1,2019-05-20T14:18:26.378+00:00
oai:secundus.datadryad.org:10255/dryad.74,1,1,1,1,1,1,1,1,1,1,1,1,1,2019-05-20T14:18:26.382+00:00
oai:secundus.datadryad.org:10255/dryad.75,1,1,1,1,1,1,1,1,1,1,1,1,1,2019-05-20T14:18:26.386+00:00
oai:secundus.datadryad.org:10255/dryad.76,1,1,1,1,1,1,1,1,1,1,1,1,1,2019-05-20T14:18:26.389+00:00
oai:secundus.datadryad.org:10255/dryad.77,1,1,1,1,1,1,1,1,1,1,1,1,1,2019-05-20T14:18:26.394+00:00
oai:secundus.datadryad.org:10255/dryad.78,1,1,1,1,1,1,1,1,1,1,1,1,1,2019-05-20T14:18:26.397+00:00
oai:secundus.datadryad.org:10255/dryad.79,1,1,1,1,1,1,1,1,1,1,1,1,1,2019-05-20T14:18:26.401+00:00
oai:secundus.datadryad.org:10255/dryad.80,1,1,1,1,1,1,1,1,1,1,1,1,1,2019-05-20T14:18:26.405+00:00
oai:secundus.datadryad.org:10255/dryad.81,1,1,1,1,1,1,1,1,1,1,1,1,1,2019-05-20T14:18:26.409+00:00
oai:secundus.datadryad.org:10255/dryad.82,1,1,1,1,1,1,1,1,1,1,1,1,0,2019-05-20T14:18:26.413+00:00
oai:secundus.datadryad.org:10255/dryad.83,1,1,1,1,1,1,1,1,1,1,1,1,1,2019-05-20T14:18:26.415+00:00
oai:secundus.datadryad.org:10255/dryad.84,1,1,1,1,1,1,1,1,1,1,1,1,1,2019-05-20T14:18:26.418+00:00
oai:secundus.datadryad.org:10255/dryad.85,1,1,1,1,1,1,1,1,1,1,1,1,1,2019-05-20T14:18:26.422+00:00
oai:secundus.datadryad.org:10255/dryad.86,1,1,1,1,1,1,1,1,1,1,1,1,1,2019-05-20T14:18:26.426+00:00
oai:secundus.datadryad.org:10255/dryad.87,1,1,1,1,1,1,1,1,1,1,1,1,1,2019-05-20T14:18:26.430+00:00
oai:secundus.datadryad.org:10255/dryad.88,1,1,1,1,1,1,1,1,1,1,1,1,1,2019-05-20T14:18:26.434+00:00
oai:secundus.datadryad.org:10255/dryad.89,1,1,1,1,1,1,1,1,1,1,1,1,1,2019-05-20T14:18:26.438+00:00
oai:secundus.datadryad.org:10255/dryad.90,1,1,1,1,1,1,1,1,1,1,1,1,1,2019-05-20T14:18:26.441+00:00
oai:secundus.datadryad.org:10255/dryad.91,1,1,1,1,1,1,1,1,1,1,1,1,1,2019-05-20T14:18:26.445+00:00
oai:secundus.datadryad.org:10255/dryad.92,1,1,1,1,1,1,1,1,1,1,1,1,1,2019-05-20T14:18:26.449+00:00
oai:secundus.datadryad.org:10255/dryad.93,1,1,1,1,1,1,1,1,1,1,1,1,1,2019-05-20T14:18:26.453+00:00
oai:secundus.datadryad.org:10255/dryad.94,1,1,1,1,1,1,1,1,1,1,1,1,1,2019-05-20T14:18:26.457+00:00
oai:secundus.datadryad.org:10255/dryad.95,1,1,1,1,1,1,1,1,1,1,1,1,1,2019-05-20T14:18:26.460+00:00
oai:secundus.datadryad.org:10255/dryad.96,1,1,1,1,1,1,1,1,1,1,1,1,1,2019-05-20T14:18:26.465+00:00
oai:secundus.datadryad.org:10255/dryad.97,1,1,1,1,1,1,1,1,1,1,1,1,1,2019-05-20T14:18:26.468+00:00
oai:secundus.datadryad.org:10255/dryad.98,1,1,1,1,1,1,1,1,1,1,1,1,1,2019-05-20T14:18:26.472+00:00
oai:secundus.datadryad.org:10255/dryad.99,1,1,1,1,1,1,1,1,1,1,1,1,1,2019-05-20T14:18:26.477+00:00
oai:secundus.datadryad.org:10255/dryad.100,1,1,1,1,1,1,1,1,1,1,1,1,0,2019-05-20T14:18:26.481+00:00
oai:secundus.datadryad.org:10255/dryad.101,1,1,1,1,1,1,1,1,1,1,1,1,1,2019-05-20T14:18:26.483+00:00
oai:secundus.datadryad.org:10255/dryad.102,1,1,1,1,1,1,1,1,1,1,1,1,0,2019-05-20T14:18:26.489+00:00
oai:secundus.datadryad.org:10255/dryad.103,1,1,1,1,1,1,1,1,1,1,1,1,1,2019-05-20T14:18:26.491+00:00
oai:secundus.datadryad.org:10255/dryad.104,1,1,1,1,1,1,1,1,1,1,1,1,0,2019-05-20T14:18:26.495+00:00
oai:secundus.datadryad.org:10255/dryad.105,1,1,1,1,1,1,1,1,1,1,1,1,1,2019-05-20T14:18:26.497+00:00
oai:secundus.datadryad.org:10255/dryad.106,1,1,1,1,1,1,1,1,1,1,1,1,0,2019-05-20T14:18:26.501+00:00
oai:secundus.datadryad.org:10255/dryad.107,1,1,1,1,1,1,1,1,1,1,1,1,1,2019-05-20T14:18:26.504+00:00
oai:secundus.datadryad.org:10255/dryad.108,1,1,1,1,1,1,1,1,1,1,1,1,0,2019-05-20T14:18:26.508+00:00
oai:secundus.datadryad.org:10255/dryad.109,1,1,1,1,1,1,1,1,1,1,1,1,1,2019-05-20T14:18:26.510+00:00
oai:secundus.datadryad.org:10255/dryad.110,1,1,1,1,1,1,1,1,1,1,1,1,1,2019-05-20T14:18:26.514+00:00
oai:secundus.datadryad.org:10255/dryad.111,1,1,1,1,1,1,1,1,1,1,1,1,0,2019-05-20T14:18:26.518+00:00
oai:secundus.datadryad.org:10255/dryad.112,1,1,1,1,1,1,1,1,1,1,1,1,1,2019-05-20T14:18:26.520+00:00
oai:secundus.datadryad.org:10255/dryad.113,1,1,1,1,1,1,1,1,1,1,1,1,1,2019-05-20T14:18:26.524+00:00
oai:secundus.datadryad.org:10255/dryad.114,1,1,1,1,1,1,1,1,1,1,1,1,1,2019-05-20T14:18:26.528+00:00
oai:secundus.datadryad.org:10255/dryad.115,1,1,1,1,1,1,1,1,1,1,1,1,1,2019-05-20T14:18:26.531+00:00
oai:secundus.datadryad.org:10255/dryad.116,1,1,1,1,1,1,1,1,1,1,1,1,0,2019-05-20T14:18:26.535+00:00
oai:secundus.datadryad.org:10255/dryad.117,1,1,1,1,1,1,1,1,1,1,1,1,1,2019-05-20T14:18:26.537+00:00
oai:secundus.datadryad.org:10255/dryad.118,1,1,1,1,1,1,1,1,1,1,1,1,1,2019-05-20T14:18:26.541+00:00
oai:secundus.datadryad.org:10255/dryad.119,1,1,1,1,1,1,1,1,1,1,1,1,0,2019-05-20T14:18:27.950+00:00
oai:secundus.datadryad.org:10255/dryad.121,1,1,1,1,1,1,1,1,1,1,1,1,1,2019-05-20T14:18:27.952+00:00
oai:secundus.datadryad.org:10255/dryad.120,1,1,1,1,1,1,1,1,1,1,1,1,0,2019-05-20T14:18:27.958+00:00
oai:secundus.datadryad.org:10255/dryad.122,1,1,1,1,1,1,1,1,1,1,1,1,1,2019-05-20T14:18:27.960+00:00
oai:secundus.datadryad.org:10255/dryad.123,1,1,1,1,1,1,1,1,1,1,1,1,0,2019-05-20T14:18:27.965+00:00
oai:secundus.datadryad.org:10255/dryad.124,1,1,1,1,1,1,1,1,1,1,1,1,1,2019-05-20T14:18:27.966+00:00
oai:secundus.datadryad.org:10255/dryad.125,1,1,1,1,1,1,1,1,1,1,1,1,0,2019-05-20T14:18:27.972+00:00
oai:secundus.datadryad.org:10255/dryad.126,1,1,1,1,1,1,1,1,1,1,1,1,1,2019-05-20T14:18:27.974+00:00
oai:secundus.datadryad.org:10255/dryad.127,1,1,1,1,1,1,1,1,1,1,1,1,1,2019-05-20T14:18:27.979+00:00
oai:secundus.datadryad.org:10255/dryad.128,1,1,1,1,1,1,1,1,1,1,1,1,1,2019-05-20T14:18:27.982+00:00
oai:secundus.datadryad.org:10255/dryad.131,1,1,1,1,1,1,1,1,1,1,1,1,1,2019-05-20T14:18:27.985+00:00
oai:secundus.datadryad.org:10255/dryad.132,1,1,1,1,1,1,1,1,1,1,1,1,1,2019-05-20T14:18:27.990+00:00
oai:secundus.datadryad.org:10255/dryad.133,1,1,1,1,1,1,1,1,1,1,1,1,1,2019-05-20T14:18:27.993+00:00
oai:secundus.datadryad.org:10255/dryad.134,1,1,1,1,1,1,1,1,1,1,1,1,1,2019-05-20T14:18:27.996+00:00
oai:secundus.datadryad.org:10255/dryad.135,1,1,1,1,1,1,1,1,1,1,1,1,1,2019-05-20T14:18:28.005+00:00
oai:secundus.datadryad.org:10255/dryad.136,1,1,1,1,1,1,1,1,1,1,1,1,1,2019-05-20T14:18:28.009+00:00
oai:secundus.datadryad.org:10255/dryad.137,1,1,1,1,1,1,1,1,1,1,1,1,1,2019-05-20T14:18:28.012+00:00
oai:secundus.datadryad.org:10255/dryad.138,1,1,1,1,1,1,1,1,1,1,1,1,1,2019-05-20T14:18:28.015+00:00
oai:secundus.datadryad.org:10255/dryad.139,1,1,1,1,1,1,1,1,1,1,1,1,1,2019-05-20T14:18:28.018+00:00
oai:secundus.datadryad.org:10255/dryad.140,1,1,1,1,1,1,1,1,1,1,1,1,1,2019-05-20T14:18:28.021+00:00
oai:secundus.datadryad.org:10255/dryad.141,1,1,1,1,1,1,1,1,1,1,1,1,1,2019-05-20T14:18:28.024+00:00
oai:secundus.datadryad.org:10255/dryad.142,1,1,1,1,1,1,1,1,1,1,1,1,1,2019-05-20T14:18:28.027+00:00
oai:secundus.datadryad.org:10255/dryad.143,1,1,1,1,1,1,1,1,1,1,1,1,1,2019-05-20T14:18:28.030+00:00
oai:secundus.datadryad.org:10255/dryad.144,1,1,1,1,1,1,1,1,1,1,1,1,1,2019-05-20T14:18:28.033+00:00
oai:secundus.datadryad.org:10255/dryad.145,1,1,1,1,1,1,1,1,1,1,1,1,1,2019-05-20T14:18:28.035+00:00
oai:secundus.datadryad.org:10255/dryad.146,1,1,1,1,1,1,1,1,1,1,1,1,1,2019-05-20T14:18:28.038+00:00
oai:secundus.datadryad.org:10255/dryad.147,1,1,1,1,1,1,1,1,1,1,1,1,1,2019-05-20T14:18:28.041+00:00
oai:secundus.datadryad.org:10255/dryad.149,1,1,1,1,1,1,1,1,1,1,1,1,1,2019-05-20T14:18:28.044+00:00
oai:secundus.datadryad.org:10255/dryad.150,1,1,1,1,1,1,1,1,1,1,1,1,0,2019-05-20T14:18:28.054+00:00
oai:secundus.datadryad.org:10255/dryad.151,1,1,1,1,1,1,1,1,1,1,1,1,1,2019-05-20T14:18:28.056+00:00
oai:secundus.datadryad.org:10255/dryad.152,1,1,1,1,1,1,1,1,1,1,1,1,0,2019-05-20T14:18:28.060+00:00
oai:secundus.datadryad.org:10255/dryad.153,1,1,1,1,1,1,1,1,1,1,1,1,1,2019-05-20T14:18:28.062+00:00
oai:secundus.datadryad.org:10255/dryad.154,1,1,1,1,1,1,1,1,1,1,1,1,0,2019-05-20T14:18:28.065+00:00
oai:secundus.datadryad.org:10255/dryad.155,1,1,1,1,1,1,1,1,1,1,1,1,1,2019-05-20T14:18:28.067+00:00
oai:secundus.datadryad.org:10255/dryad.156,1,1,1,1,1,1,1,1,1,1,1,1,0,2019-05-20T14:18:28.071+00:00
oai:secundus.datadryad.org:10255/dryad.157,1,1,1,1,1,1,1,1,1,1,1,1,0,2019-05-20T14:18:28.073+00:00
oai:secundus.datadryad.org:10255/dryad.158,1,1,1,1,1,1,1,1,1,1,1,1,1,2019-05-20T14:18:28.075+00:00
oai:secundus.datadryad.org:10255/dryad.159,1,1,1,1,1,1,1,1,1,1,1,1,0,2019-05-20T14:18:28.081+00:00
oai:secundus.datadryad.org:10255/dryad.160,1,1,1,1,1,1,1,1,1,1,1,1,1,2019-05-20T14:18:28.083+00:00
oai:secundus.datadryad.org:10255/dryad.161,1,1,1,1,1,1,1,1,1,1,1,1,1,2019-05-20T14:18:28.090+00:00
oai:secundus.datadryad.org:10255/dryad.162,1,1,1,1,1,1,1,1,1,1,1,1,0,2019-05-20T14:18:28.095+00:00
oai:secundus.datadryad.org:10255/dryad.163,1,1,1,1,1,1,1,1,1,1,1,1,1,2019-05-20T14:18:28.097+00:00
oai:secundus.datadryad.org:10255/dryad.164,1,1,1,1,1,1,1,1,1,1,1,1,0,2019-05-20T14:18:28.101+00:00
oai:secundus.datadryad.org:10255/dryad.165,1,1,1,1,1,1,1,1,1,1,1,1,1,2019-05-20T14:18:28.103+00:00
oai:secundus.datadryad.org:10255/dryad.166,1,1,1,1,1,1,1,1,1,1,1,1,0,2019-05-20T14:18:28.107+00:00
oai:secundus.datadryad.org:10255/dryad.167,1,1,1,1,1,1,1,1,1,1,1,1,1,2019-05-20T14:18:28.109+00:00
oai:secundus.datadryad.org:10255/dryad.168,1,1,1,1,1,1,1,1,1,1,1,1,1,2019-05-20T14:18:28.112+00:00
oai:secundus.datadryad.org:10255/dryad.169,1,1,1,1,1,1,1,1,1,1,1,1,1,2019-05-20T14:18:28.115+00:00
oai:secundus.datadryad.org:10255/dryad.170,1,1,1,1,1,1,1,1,1,1,1,1,1,2019-05-20T14:18:28.118+00:00
oai:secundus.datadryad.org:10255/dryad.171,1,1,1,1,1,1,1,1,1,1,1,1,1,2019-05-20T14:18:28.121+00:00
oai:secundus.datadryad.org:10255/dryad.172,1,1,1,1,1,1,1,1,1,1,1,1,1,2019-05-20T14:18:28.124+00:00
oai:secundus.datadryad.org:10255/dryad.173,1,1,1,1,1,1,1,1,1,1,1,1,1,2019-05-20T14:18:28.126+00:00
oai:secundus.datadryad.org:10255/dryad.174,1,1,1,1,1,1,1,1,1,1,1,1,1,2019-05-20T14:18:28.130+00:00
oai:secundus.datadryad.org:10255/dryad.175,1,1,1,1,1,1,1,1,1,1,1,1,1,2019-05-20T14:18:28.133+00:00
oai:secundus.datadryad.org:10255/dryad.176,1,1,1,1,1,1,1,1,1,1,1,1,1,2019-05-20T14:18:28.136+00:00
oai:secundus.datadryad.org:10255/dryad.177,1,1,1,1,1,1,1,1,1,1,1,1,1,2019-05-20T14:18:28.139+00:00
oai:secundus.datadryad.org:10255/dryad.179,1,1,1,1,1,1,1,1,1,1,1,1,0,2019-05-20T14:18:28.142+00:00
oai:secundus.datadryad.org:10255/dryad.181,1,1,1,1,1,1,1,1,1,1,1,1,1,2019-05-20T14:18:28.145+00:00
oai:secundus.datadryad.org:10255/dryad.180,1,1,1,1,1,1,1,1,1,1,1,1,1,2019-05-20T14:18:28.148+00:00
oai:secundus.datadryad.org:10255/dryad.182,1,1,1,1,1,1,1,1,1,1,1,1,1,2019-05-20T14:18:28.153+00:00
oai:secundus.datadryad.org:10255/dryad.183,1,1,1,1,1,1,1,1,1,1,1,1,1,2019-05-20T14:18:28.157+00:00
oai:secundus.datadryad.org:10255/dryad.184,1,1,1,1,1,1,1,1,1,1,1,1,1,2019-05-20T14:18:28.161+00:00
oai:secundus.datadryad.org:10255/dryad.185,1,1,1,1,1,1,1,1,1,1,1,1,1,2019-05-20T14:18:28.164+00:00
oai:secundus.datadryad.org:10255/dryad.186,1,1,1,1,1,1,1,1,1,1,1,1,1,2019-05-20T14:18:28.168+00:00
oai:secundus.datadryad.org:10255/dryad.188,1,1,1,1,1,1,1,1,1,1,1,1,1,2019-05-20T14:18:28.172+00:00
oai:secundus.datadryad.org:10255/dryad.189,1,1,1,1,1,1,1,1,1,1,1,1,1,2019-05-20T14:18:28.177+00:00
oai:secundus.datadryad.org:10255/dryad.190,1,1,1,1,1,1,1,1,1,1,1,1,1,2019-05-20T14:18:28.182+00:00
oai:secundus.datadryad.org:10255/dryad.191,1,1,1,1,1,1,1,1,1,1,1,1,1,2019-05-20T14:18:28.187+00:00
oai:secundus.datadryad.org:10255/dryad.192,1,1,1,1,1,1,1,1,1,1,1,1,1,2019-05-20T14:18:28.192+00:00
oai:secundus.datadryad.org:10255/dryad.193,1,1,1,1,1,1,1,1,1,1,1,1,1,2019-05-20T14:18:28.196+00:00
oai:secundus.datadryad.org:10255/dryad.194,1,1,1,1,1,1,1,1,1,1,1,1,1,2019-05-20T14:18:28.201+00:00
oai:secundus.datadryad.org:10255/dryad.195,1,1,1,1,1,1,1,1,1,1,1,1,1,2019-05-20T14:18:28.206+00:00
oai:secundus.datadryad.org:10255/dryad.196,1,1,1,1,1,1,1,1,1,1,1,1,1,2019-05-20T14:18:28.210+00:00
oai:secundus.datadryad.org:10255/dryad.197,1,1,1,1,1,1,1,1,1,1,1,1,1,2019-05-20T14:18:28.215+00:00
oai:secundus.datadryad.org:10255/dryad.198,1,1,1,1,1,1,1,1,1,1,1,1,1,2019-05-20T14:18:28.219+00:00
oai:secundus.datadryad.org:10255/dryad.199,1,1,1,1,1,1,1,1,1,1,1,1,1,2019-05-20T14:18:28.223+00:00
oai:secundus.datadryad.org:10255/dryad.200,1,1,1,1,1,1,1,1,1,1,1,1,1,2019-05-20T14:18:28.227+00:00
oai:secundus.datadryad.org:10255/dryad.201,1,1,1,1,1,1,1,1,1,1,1,1,1,2019-05-20T14:18:28.232+00:00
oai:secundus.datadryad.org:10255/dryad.202,1,1,1,1,1,1,1,1,1,1,1,1,1,2019-05-20T14:18:28.236+00:00
oai:secundus.datadryad.org:10255/dryad.203,1,1,1,1,1,1,1,1,1,1,1,1,1,2019-05-20T14:18:28.241+00:00
oai:secundus.datadryad.org:10255/dryad.204,1,1,1,1,1,1,1,1,1,1,1,1,1,2019-05-20T14:18:28.246+00:00
oai:secundus.datadryad.org:10255/dryad.205,1,1,1,1,1,1,1,1,1,1,1,1,1,2019-05-20T14:18:28.251+00:00
oai:secundus.datadryad.org:10255/dryad.206,1,1,1,1,1,1,1,1,1,1,1,1,1,2019-05-20T14:18:28.255+00:00
oai:secundus.datadryad.org:10255/dryad.207,1,1,1,1,1,1,1,1,1,1,1,1,1,2019-05-20T14:18:28.260+00:00
oai:secundus.datadryad.org:10255/dryad.208,1,1,1,1,1,1,1,1,1,1,1,1,1,2019-05-20T14:18:28.263+00:00
oai:secundus.datadryad.org:10255/dryad.209,1,1,1,1,1,1,1,1,1,1,1,1,1,2019-05-20T14:18:28.267+00:00
oai:secundus.datadryad.org:10255/dryad.210,1,1,1,1,1,1,1,1,1,1,1,1,1,2019-05-20T14:18:28.270+00:00
oai:secundus.datadryad.org:10255/dryad.211,1,1,1,1,1,1,1,1,1,1,1,1,1,2019-05-20T14:18:28.273+00:00
oai:secundus.datadryad.org:10255/dryad.212,1,1,1,1,1,1,1,1,1,1,1,1,1,2019-05-20T14:18:28.276+00:00
oai:secundus.datadryad.org:10255/dryad.213,1,1,1,1,1,1,1,1,1,1,1,1,1,2019-05-20T14:18:28.280+00:00
oai:secundus.datadryad.org:10255/dryad.214,1,1,1,1,1,1,1,1,1,1,1,1,1,2019-05-20T14:18:28.285+00:00
oai:secundus.datadryad.org:10255/dryad.215,1,1,1,1,1,1,1,1,1,1,1,1,1,2019-05-20T14:18:28.288+00:00
oai:secundus.datadryad.org:10255/dryad.216,1,1,1,1,1,1,1,1,1,1,1,1,1,2019-05-20T14:18:28.291+00:00
oai:secundus.datadryad.org:10255/dryad.217,1,1,1,1,1,1,1,1,1,1,1,1,1,2019-05-20T14:18:28.294+00:00
oai:secundus.datadryad.org:10255/dryad.218,1,1,1,1,1,1,1,1,1,1,1,1,1,2019-05-20T14:18:28.297+00:00
oai:secundus.datadryad.org:10255/dryad.219,1,1,1,1,1,1,1,1,1,1,1,1,1,2019-05-20T14:18:28.300+00:00
oai:secundus.datadryad.org:10255/dryad.220,1,1,1,1,1,1,1,1,1,1,1,1,1,2019-05-20T14:18:28.303+00:00
oai:secundus.datadryad.org:10255/dryad.222,1,1,1,1,1,1,1,1,1,1,1,1,1,2019-05-20T14:18:28.306+00:00
oai:secundus.datadryad.org:10255/dryad.223,1,1,1,1,1,1,1,1,1,1,1,1,0,2019-05-20T14:18:28.310+00:00
oai:secundus.datadryad.org:10255/dryad.228,1,1,1,1,1,1,1,1,1,1,1,1,1,2019-05-20T14:18:28.312+00:00
oai:secundus.datadryad.org:10255/dryad.229,1,1,1,1,1,1,1,1,1,1,1,1,1,2019-05-20T14:18:29.707+00:00
oai:secundus.datadryad.org:10255/dryad.230,1,1,1,1,1,1,1,1,1,1,1,1,1,2019-05-20T14:18:29.713+00:00
oai:secundus.datadryad.org:10255/dryad.231,1,1,1,1,1,1,1,1,1,1,1,1,1,2019-05-20T14:18:29.716+00:00
oai:secundus.datadryad.org:10255/dryad.232,1,1,1,1,1,1,1,1,1,1,1,1,1,2019-05-20T14:18:29.719+00:00
oai:secundus.datadryad.org:10255/dryad.233,1,1,1,1,1,1,1,1,1,1,1,1,1,2019-05-20T14:18:29.722+00:00
oai:secundus.datadryad.org:10255/dryad.234,1,1,1,1,1,1,1,1,1,1,1,1,0,2019-05-20T14:18:29.725+00:00
oai:secundus.datadryad.org:10255/dryad.235,1,1,1,1,1,1,1,1,1,1,1,1,1,2019-05-20T14:18:29.727+00:00
oai:secundus.datadryad.org:10255/dryad.236,1,1,1,1,1,1,1,1,1,1,1,1,1,2019-05-20T14:18:29.731+00:00
oai:secundus.datadryad.org:10255/dryad.238,1,1,1,1,1,1,1,1,1,1,1,1,1,2019-05-20T14:18:29.735+00:00
oai:secundus.datadryad.org:10255/dryad.239,1,1,1,1,1,1,1,1,1,1,1,1,1,2019-05-20T14:18:29.737+00:00
oai:secundus.datadryad.org:10255/dryad.240,1,1,1,1,1,1,1,1,1,1,1,1,1,2019-05-20T14:18:29.740+00:00
oai:secundus.datadryad.org:10255/dryad.237,1,1,1,1,1,1,1,1,1,1,1,1,1,2019-05-20T14:18:29.743+00:00
oai:secundus.datadryad.org:10255/dryad.241,1,1,1,1,1,1,1,1,1,1,1,1,1,2019-05-20T14:18:29.746+00:00
oai:secundus.datadryad.org:10255/dryad.242,1,1,1,1,1,1,1,1,1,1,1,1,1,2019-05-20T14:18:29.749+00:00
oai:secundus.datadryad.org:10255/dryad.243,1,1,1,1,1,1,1,1,1,1,1,1,1,2019-05-20T14:18:29.752+00:00
oai:secundus.datadryad.org:10255/dryad.244,1,1,1,1,1,1,1,1,1,1,1,1,1,2019-05-20T14:18:29.755+00:00
oai:secundus.datadryad.org:10255/dryad.245,1,1,1,1,1,1,1,1,1,1,1,1,1,2019-05-20T14:18:29.758+00:00
oai:secundus.datadryad.org:10255/dryad.246,1,1,1,1,1,1,1,1,1,1,1,1,1,2019-05-20T14:18:29.761+00:00
oai:secundus.datadryad.org:10255/dryad.247,1,1,1,1,1,1,1,1,1,1,1,1,1,2019-05-20T14:18:29.764+00:00
oai:secundus.datadryad.org:10255/dryad.248,1,1,1,1,1,1,1,1,1,1,1,1,1,2019-05-20T14:18:29.767+00:00
oai:secundus.datadryad.org:10255/dryad.249,1,1,1,1,1,1,1,1,1,1,1,1,1,2019-05-20T14:18:29.770+00:00
oai:secundus.datadryad.org:10255/dryad.250,1,1,1,1,1,1,1,1,1,1,1,1,1,2019-05-20T14:18:29.773+00:00
oai:secundus.datadryad.org:10255/dryad.251,1,1,1,1,1,1,1,1,1,1,1,1,1,2019-05-20T14:18:29.776+00:00
oai:secundus.datadryad.org:10255/dryad.252,1,1,1,1,1,1,1,1,1,1,1,1,1,2019-05-20T14:18:29.779+00:00
oai:secundus.datadryad.org:10255/dryad.253,1,1,1,1,1,1,1,1,1,1,1,1,1,2019-05-20T14:18:29.782+00:00
oai:secundus.datadryad.org:10255/dryad.254,1,1,1,1,1,1,1,1,1,1,1,1,1,2019-05-20T14:18:29.787+00:00
oai:secundus.datadryad.org:10255/dryad.316,1,1,1,1,1,1,1,1,1,1,1,1,1,2019-05-20T14:18:29.790+00:00
oai:secundus.datadryad.org:10255/dryad.315,1,1,1,1,1,1,1,1,1,1,1,1,0,2019-05-20T14:18:29.793+00:00
oai:secundus.datadryad.org:10255/dryad.356,1,1,1,1,1,1,1,1,1,1,1,1,1,2019-05-20T14:18:29.795+00:00
oai:secundus.datadryad.org:10255/dryad.355,1,1,1,1,1,1,1,1,1,1,1,1,0,2019-05-20T14:18:29.798+00:00
oai:secundus.datadryad.org:10255/dryad.384,1,1,1,1,1,1,1,1,1,1,1,1,1,2019-05-20T14:18:29.799+00:00
oai:secundus.datadryad.org:10255/dryad.385,1,1,1,1,1,1,1,1,1,1,1,1,1,2019-05-20T14:18:29.807+00:00
oai:secundus.datadryad.org:10255/dryad.383,1,1,1,1,1,1,1,1,1,1,1,1,0,2019-05-20T14:18:29.810+00:00
oai:secundus.datadryad.org:10255/dryad.390,1,1,1,1,1,1,1,1,1,1,1,1,1,2019-05-20T14:18:29.812+00:00
oai:secundus.datadryad.org:10255/dryad.389,1,1,1,1,1,1,1,1,1,1,1,1,0,2019-05-20T14:18:29.816+00:00
oai:secundus.datadryad.org:10255/dryad.394,1,1,1,1,1,1,1,1,1,1,1,1,1,2019-05-20T14:18:29.818+00:00
oai:secundus.datadryad.org:10255/dryad.393,1,1,1,1,1,1,1,1,1,1,1,1,0,2019-05-20T14:18:29.823+00:00
oai:secundus.datadryad.org:10255/dryad.398,1,1,1,1,1,1,1,1,1,1,1,1,1,2019-05-20T14:18:29.825+00:00
oai:secundus.datadryad.org:10255/dryad.397,1,1,1,1,1,1,1,1,1,1,1,1,0,2019-05-20T14:18:29.829+00:00
oai:secundus.datadryad.org:10255/dryad.402,1,1,1,1,1,1,1,1,1,1,1,1,1,2019-05-20T14:18:29.831+00:00
oai:secundus.datadryad.org:10255/dryad.403,1,1,1,1,1,1,1,1,1,1,1,1,1,2019-05-20T14:18:29.834+00:00
oai:secundus.datadryad.org:10255/dryad.404,1,1,1,1,1,1,1,1,1,1,1,1,1,2019-05-20T14:18:29.837+00:00
oai:secundus.datadryad.org:10255/dryad.405,1,1,1,1,1,1,1,1,1,1,1,1,1,2019-05-20T14:18:29.840+00:00
oai:secundus.datadryad.org:10255/dryad.401,1,1,1,1,1,1,1,1,1,1,1,1,0,2019-05-20T14:18:29.843+00:00
oai:secundus.datadryad.org:10255/dryad.409,1,1,1,1,1,1,1,1,1,1,1,1,1,2019-05-20T14:18:29.845+00:00
oai:secundus.datadryad.org:10255/dryad.408,1,1,1,1,1,1,1,1,1,1,1,1,0,2019-05-20T14:18:29.849+00:00
oai:secundus.datadryad.org:10255/dryad.413,1,1,1,1,1,1,1,1,1,1,1,1,1,2019-05-20T14:18:29.851+00:00
oai:secundus.datadryad.org:10255/dryad.412,1,1,1,1,1,1,1,1,1,1,1,1,0,2019-05-20T14:18:29.855+00:00
oai:secundus.datadryad.org:10255/dryad.417,1,1,1,1,1,1,1,1,1,1,1,1,1,2019-05-20T14:18:29.857+00:00
oai:secundus.datadryad.org:10255/dryad.418,1,1,1,1,1,1,1,1,1,1,1,1,1,2019-05-20T14:18:29.860+00:00
oai:secundus.datadryad.org:10255/dryad.419,1,1,1,1,1,1,1,1,1,1,1,1,1,2019-05-20T14:18:29.864+00:00
oai:secundus.datadryad.org:10255/dryad.420,1,1,1,1,1,1,1,1,1,1,1,1,1,2019-05-20T14:18:29.867+00:00
oai:secundus.datadryad.org:10255/dryad.421,1,1,1,1,1,1,1,1,1,1,1,1,1,2019-05-20T14:18:29.870+00:00
oai:secundus.datadryad.org:10255/dryad.422,1,1,1,1,1,1,1,1,1,1,1,1,1,2019-05-20T14:18:29.873+00:00
oai:secundus.datadryad.org:10255/dryad.423,1,1,1,1,1,1,1,1,1,1,1,1,1,2019-05-20T14:18:29.876+00:00
oai:secundus.datadryad.org:10255/dryad.416,1,1,1,1,1,1,1,1,1,1,1,1,0,2019-05-20T14:18:29.882+00:00
oai:secundus.datadryad.org:10255/dryad.476,1,1,1,1,1,1,1,1,1,1,1,1,1,2019-05-20T14:18:31.154+00:00
oai:secundus.datadryad.org:10255/dryad.477,1,1,1,1,1,1,1,1,1,1,1,1,1,2019-05-20T14:18:31.160+00:00
oai:secundus.datadryad.org:10255/dryad.478,1,1,1,1,1,1,1,1,1,1,1,1,1,2019-05-20T14:18:31.163+00:00
oai:secundus.datadryad.org:10255/dryad.479,1,1,1,1,1,1,1,1,1,1,1,1,1,2019-05-20T14:18:31.169+00:00
oai:secundus.datadryad.org:10255/dryad.475,1,1,1,1,1,1,1,1,1,1,1,1,0,2019-05-20T14:18:31.173+00:00
oai:secundus.datadryad.org:10255/dryad.482,1,1,1,1,1,1,1,1,1,1,1,1,1,2019-05-20T14:18:31.175+00:00
oai:secundus.datadryad.org:10255/dryad.481,1,1,1,1,1,1,1,1,1,1,1,1,0,2019-05-20T14:18:31.179+00:00
oai:secundus.datadryad.org:10255/dryad.485,1,1,1,1,1,1,1,1,1,1,1,1,1,2019-05-20T14:18:31.181+00:00
oai:secundus.datadryad.org:10255/dryad.484,1,1,1,1,1,1,1,1,1,1,1,1,0,2019-05-20T14:18:31.185+00:00
oai:secundus.datadryad.org:10255/dryad.488,1,1,1,1,1,1,1,1,1,1,1,1,1,2019-05-20T14:18:31.187+00:00
oai:secundus.datadryad.org:10255/dryad.487,1,1,1,1,1,1,1,1,1,1,1,1,0,2019-05-20T14:18:31.192+00:00
oai:secundus.datadryad.org:10255/dryad.492,1,1,1,1,1,1,1,1,1,1,1,1,1,2019-05-20T14:18:31.194+00:00
oai:secundus.datadryad.org:10255/dryad.491,1,1,1,1,1,1,1,1,1,1,1,1,0,2019-05-20T14:18:31.198+00:00
oai:secundus.datadryad.org:10255/dryad.503,1,1,1,1,1,1,1,1,1,1,1,1,1,2019-05-20T14:18:31.200+00:00
oai:secundus.datadryad.org:10255/dryad.502,1,1,1,1,1,1,1,1,1,1,1,1,0,2019-05-20T14:18:31.204+00:00
oai:secundus.datadryad.org:10255/dryad.506,1,1,1,1,1,1,1,1,1,1,1,1,1,2019-05-20T14:18:31.206+00:00
oai:secundus.datadryad.org:10255/dryad.507,1,1,1,1,1,1,1,1,1,1,1,1,1,2019-05-20T14:18:31.210+00:00
oai:secundus.datadryad.org:10255/dryad.505,1,1,1,1,1,1,1,1,1,1,1,1,0,2019-05-20T14:18:31.214+00:00
oai:secundus.datadryad.org:10255/dryad.510,1,1,1,1,1,1,1,1,1,1,1,1,1,2019-05-20T14:18:31.216+00:00
oai:secundus.datadryad.org:10255/dryad.509,1,1,1,1,1,1,1,1,1,1,1,1,0,2019-05-20T14:18:31.220+00:00
oai:secundus.datadryad.org:10255/dryad.513,1,1,1,1,1,1,1,1,1,1,1,1,1,2019-05-20T14:18:31.222+00:00
oai:secundus.datadryad.org:10255/dryad.514,1,1,1,1,1,1,1,1,1,1,1,1,1,2019-05-20T14:18:31.227+00:00
oai:secundus.datadryad.org:10255/dryad.515,1,1,1,1,1,1,1,1,1,1,1,1,1,2019-05-20T14:18:31.230+00:00
oai:secundus.datadryad.org:10255/dryad.516,1,1,1,1,1,1,1,1,1,1,1,1,1,2019-05-20T14:18:31.233+00:00
oai:secundus.datadryad.org:10255/dryad.512,1,1,1,1,1,1,1,1,1,1,1,1,0,2019-05-20T14:18:31.237+00:00
oai:secundus.datadryad.org:10255/dryad.518,1,1,1,1,1,1,1,1,1,1,1,1,1,2019-05-20T14:18:31.239+00:00
oai:secundus.datadryad.org:10255/dryad.520,1,1,1,1,1,1,1,1,1,1,1,1,1,2019-05-20T14:18:31.246+00:00
oai:secundus.datadryad.org:10255/dryad.519,1,1,1,1,1,1,1,1,1,1,1,1,0,2019-05-20T14:18:31.250+00:00
oai:secundus.datadryad.org:10255/dryad.522,1,1,1,1,1,1,1,1,1,1,1,1,0,2019-05-20T14:18:31.252+00:00
oai:secundus.datadryad.org:10255/dryad.524,1,1,1,1,1,1,1,1,1,1,1,1,1,2019-05-20T14:18:31.254+00:00
oai:secundus.datadryad.org:10255/dryad.523,1,1,1,1,1,1,1,1,1,1,1,1,0,2019-05-20T14:18:31.258+00:00
oai:secundus.datadryad.org:10255/dryad.528,1,1,1,1,1,1,1,1,1,1,1,1,1,2019-05-20T14:18:31.261+00:00
oai:secundus.datadryad.org:10255/dryad.527,1,1,1,1,1,1,1,1,1,1,1,1,0,2019-05-20T14:18:31.265+00:00
oai:secundus.datadryad.org:10255/dryad.531,1,1,1,1,1,1,1,1,1,1,1,1,1,2019-05-20T14:18:31.267+00:00
oai:secundus.datadryad.org:10255/dryad.530,1,1,1,1,1,1,1,1,1,1,1,1,0,2019-05-20T14:18:31.271+00:00
oai:secundus.datadryad.org:10255/dryad.535,1,1,1,1,1,1,1,1,1,1,1,1,1,2019-05-20T14:18:31.273+00:00
oai:secundus.datadryad.org:10255/dryad.534,1,1,1,1,1,1,1,1,1,1,1,1,0,2019-05-20T14:18:31.277+00:00
oai:secundus.datadryad.org:10255/dryad.538,1,1,1,1,1,1,1,1,1,1,1,1,1,2019-05-20T14:18:31.278+00:00
oai:secundus.datadryad.org:10255/dryad.537,1,1,1,1,1,1,1,1,1,1,1,1,0,2019-05-20T14:18:31.282+00:00
oai:secundus.datadryad.org:10255/dryad.541,1,1,1,1,1,1,1,1,1,1,1,1,1,2019-05-20T14:18:31.284+00:00
oai:secundus.datadryad.org:10255/dryad.542,1,1,1,1,1,1,1,1,1,1,1,1,1,2019-05-20T14:18:31.288+00:00
oai:secundus.datadryad.org:10255/dryad.540,1,1,1,1,1,1,1,1,1,1,1,1,0,2019-05-20T14:18:31.291+00:00
oai:secundus.datadryad.org:10255/dryad.545,1,1,1,1,1,1,1,1,1,1,1,1,1,2019-05-20T14:18:31.293+00:00
oai:secundus.datadryad.org:10255/dryad.546,1,1,1,1,1,1,1,1,1,1,1,1,1,2019-05-20T14:18:31.295+00:00
oai:secundus.datadryad.org:10255/dryad.549,1,1,1,1,1,1,1,1,1,1,1,1,1,2019-05-20T14:18:31.298+00:00
oai:secundus.datadryad.org:10255/dryad.552,1,1,1,1,1,1,1,1,1,1,1,1,1,2019-05-20T14:18:31.301+00:00
oai:secundus.datadryad.org:10255/dryad.551,1,1,1,1,1,1,1,1,1,1,1,1,0,2019-05-20T14:18:31.306+00:00
oai:secundus.datadryad.org:10255/dryad.555,1,1,1,1,1,1,1,1,1,1,1,1,1,2019-05-20T14:18:31.308+00:00
oai:secundus.datadryad.org:10255/dryad.559,1,1,1,1,1,1,1,1,1,1,1,1,1,2019-05-20T14:18:31.311+00:00
oai:secundus.datadryad.org:10255/dryad.558,1,1,1,1,1,1,1,1,1,1,1,1,0,2019-05-20T14:18:31.314+00:00
oai:secundus.datadryad.org:10255/dryad.562,1,1,1,1,1,1,1,1,1,1,1,1,1,2019-05-20T14:18:31.316+00:00
oai:secundus.datadryad.org:10255/dryad.561,1,1,1,1,1,1,1,1,1,1,1,1,0,2019-05-20T14:18:31.319+00:00
oai:secundus.datadryad.org:10255/dryad.565,1,1,1,1,1,1,1,1,1,1,1,1,1,2019-05-20T14:18:31.321+00:00
oai:secundus.datadryad.org:10255/dryad.564,1,1,1,1,1,1,1,1,1,1,1,1,0,2019-05-20T14:18:31.326+00:00
oai:secundus.datadryad.org:10255/dryad.569,1,1,1,1,1,1,1,1,1,1,1,1,1,2019-05-20T14:18:31.327+00:00
oai:secundus.datadryad.org:10255/dryad.568,1,1,1,1,1,1,1,1,1,1,1,1,0,2019-05-20T14:18:31.331+00:00
oai:secundus.datadryad.org:10255/dryad.572,1,1,1,1,1,1,1,1,1,1,1,1,1,2019-05-20T14:18:31.332+00:00
oai:secundus.datadryad.org:10255/dryad.571,1,1,1,1,1,1,1,1,1,1,1,1,0,2019-05-20T14:18:31.335+00:00
oai:secundus.datadryad.org:10255/dryad.576,1,1,1,1,1,1,1,1,1,1,1,1,1,2019-05-20T14:18:31.337+00:00
oai:secundus.datadryad.org:10255/dryad.577,1,1,1,1,1,1,1,1,1,1,1,1,1,2019-05-20T14:18:31.340+00:00
oai:secundus.datadryad.org:10255/dryad.578,1,1,1,1,1,1,1,1,1,1,1,1,1,2019-05-20T14:18:31.343+00:00
oai:secundus.datadryad.org:10255/dryad.579,1,1,1,1,1,1,1,1,1,1,1,1,1,2019-05-20T14:18:31.346+00:00
oai:secundus.datadryad.org:10255/dryad.580,1,1,1,1,1,1,1,1,1,1,1,1,1,2019-05-20T14:18:31.349+00:00
oai:secundus.datadryad.org:10255/dryad.581,1,1,1,1,1,1,1,1,1,1,1,1,1,2019-05-20T14:18:31.352+00:00
oai:secundus.datadryad.org:10255/dryad.582,1,1,1,1,1,1,1,1,1,1,1,1,1,2019-05-20T14:18:31.355+00:00
oai:secundus.datadryad.org:10255/dryad.575,1,1,1,1,1,1,1,1,1,1,1,1,0,2019-05-20T14:18:31.358+00:00
oai:secundus.datadryad.org:10255/dryad.585,1,1,1,1,1,1,1,1,1,1,1,1,1,2019-05-20T14:18:31.360+00:00
oai:secundus.datadryad.org:10255/dryad.584,1,1,1,1,1,1,1,1,1,1,1,1,0,2019-05-20T14:18:31.364+00:00
oai:secundus.datadryad.org:10255/dryad.588,1,1,1,1,1,1,1,1,1,1,1,1,1,2019-05-20T14:18:31.366+00:00
oai:secundus.datadryad.org:10255/dryad.587,1,1,1,1,1,1,1,1,1,1,1,1,0,2019-05-20T14:18:31.369+00:00
oai:secundus.datadryad.org:10255/dryad.591,1,1,1,1,1,1,1,1,1,1,1,1,1,2019-05-20T14:18:31.371+00:00
oai:secundus.datadryad.org:10255/dryad.590,1,1,1,1,1,1,1,1,1,1,1,1,0,2019-05-20T14:18:31.375+00:00
oai:secundus.datadryad.org:10255/dryad.594,1,1,1,1,1,1,1,1,1,1,1,1,1,2019-05-20T14:18:31.377+00:00
oai:secundus.datadryad.org:10255/dryad.593,1,1,1,1,1,1,1,1,1,1,1,1,0,2019-05-20T14:18:31.380+00:00
oai:secundus.datadryad.org:10255/dryad.597,1,1,1,1,1,1,1,1,1,1,1,1,1,2019-05-20T14:18:31.382+00:00
oai:secundus.datadryad.org:10255/dryad.596,1,1,1,1,1,1,1,1,1,1,1,1,0,2019-05-20T14:18:31.385+00:00
oai:secundus.datadryad.org:10255/dryad.600,1,1,1,1,1,1,1,1,1,1,1,1,1,2019-05-20T14:18:31.387+00:00
oai:secundus.datadryad.org:10255/dryad.601,1,1,1,1,1,1,1,1,1,1,1,1,1,2019-05-20T14:18:31.390+00:00
oai:secundus.datadryad.org:10255/dryad.602,1,1,1,1,1,1,1,1,1,1,1,1,1,2019-05-20T14:18:31.393+00:00
oai:secundus.datadryad.org:10255/dryad.603,1,1,1,1,1,1,1,1,1,1,1,1,0,2019-05-20T14:18:31.396+00:00
oai:secundus.datadryad.org:10255/dryad.605,1,1,1,1,1,1,1,1,1,1,1,1,1,2019-05-20T14:18:31.398+00:00
oai:secundus.datadryad.org:10255/dryad.604,1,1,1,1,1,1,1,1,1,1,1,1,0,2019-05-20T14:18:31.401+00:00
oai:secundus.datadryad.org:10255/dryad.610,1,1,1,1,1,1,1,1,1,1,1,1,1,2019-05-20T14:18:31.403+00:00
oai:secundus.datadryad.org:10255/dryad.609,1,1,1,1,1,1,1,1,1,1,1,1,0,2019-05-20T14:18:31.406+00:00
oai:secundus.datadryad.org:10255/dryad.613,1,1,1,1,1,1,1,1,1,1,1,1,1,2019-05-20T14:18:31.409+00:00
oai:secundus.datadryad.org:10255/dryad.612,1,1,1,1,1,1,1,1,1,1,1,1,0,2019-05-20T14:18:31.413+00:00
oai:secundus.datadryad.org:10255/dryad.616,1,1,1,1,1,1,1,1,1,1,1,1,1,2019-05-20T14:18:31.415+00:00
oai:secundus.datadryad.org:10255/dryad.615,1,1,1,1,1,1,1,1,1,1,1,1,0,2019-05-20T14:18:31.418+00:00
oai:secundus.datadryad.org:10255/dryad.619,1,1,1,1,1,1,1,1,1,1,1,1,1,2019-05-20T14:18:31.420+00:00
oai:secundus.datadryad.org:10255/dryad.620,1,1,1,1,1,1,1,1,1,1,1,1,1,2019-05-20T14:18:31.423+00:00
oai:secundus.datadryad.org:10255/dryad.621,1,1,1,1,1,1,1,1,1,1,1,1,1,2019-05-20T14:18:31.426+00:00
oai:secundus.datadryad.org:10255/dryad.618,1,1,1,1,1,1,1,1,1,1,1,1,0,2019-05-20T14:18:31.429+00:00
oai:secundus.datadryad.org:10255/dryad.624,1,1,1,1,1,1,1,1,1,1,1,1,1,2019-05-20T14:18:31.431+00:00
oai:secundus.datadryad.org:10255/dryad.623,1,1,1,1,1,1,1,1,1,1,1,1,0,2019-05-20T14:18:32.830+00:00
oai:secundus.datadryad.org:10255/dryad.628,1,1,1,1,1,1,1,1,1,1,1,1,1,2019-05-20T14:18:32.832+00:00
oai:secundus.datadryad.org:10255/dryad.627,1,1,1,1,1,1,1,1,1,1,1,1,0,2019-05-20T14:18:32.838+00:00
oai:secundus.datadryad.org:10255/dryad.631,1,1,1,1,1,1,1,1,1,1,1,1,1,2019-05-20T14:18:32.840+00:00
oai:secundus.datadryad.org:10255/dryad.632,1,1,1,1,1,1,1,1,1,1,1,1,1,2019-05-20T14:18:32.846+00:00
oai:secundus.datadryad.org:10255/dryad.633,1,1,1,1,1,1,1,1,1,1,1,1,1,2019-05-20T14:18:32.849+00:00
oai:secundus.datadryad.org:10255/dryad.634,1,1,1,1,1,1,1,1,1,1,1,1,1,2019-05-20T14:18:32.852+00:00
oai:secundus.datadryad.org:10255/dryad.635,1,1,1,1,1,1,1,1,1,1,1,1,1,2019-05-20T14:18:32.854+00:00
oai:secundus.datadryad.org:10255/dryad.630,1,1,1,1,1,1,1,1,1,1,1,1,0,2019-05-20T14:18:32.857+00:00
oai:secundus.datadryad.org:10255/dryad.638,1,1,1,1,1,1,1,1,1,1,1,1,1,2019-05-20T14:18:32.859+00:00
oai:secundus.datadryad.org:10255/dryad.639,1,1,1,1,1,1,1,1,1,1,1,1,1,2019-05-20T14:18:32.862+00:00
oai:secundus.datadryad.org:10255/dryad.637,1,1,1,1,1,1,1,1,1,1,1,1,0,2019-05-20T14:18:32.865+00:00
oai:secundus.datadryad.org:10255/dryad.643,1,1,1,1,1,1,1,1,1,1,1,1,1,2019-05-20T14:18:32.867+00:00
oai:secundus.datadryad.org:10255/dryad.642,1,1,1,1,1,1,1,1,1,1,1,1,0,2019-05-20T14:18:32.871+00:00
oai:secundus.datadryad.org:10255/dryad.647,1,1,1,1,1,1,1,1,1,1,1,1,1,2019-05-20T14:18:32.873+00:00
oai:secundus.datadryad.org:10255/dryad.648,1,1,1,1,1,1,1,1,1,1,1,1,1,2019-05-20T14:18:32.878+00:00
oai:secundus.datadryad.org:10255/dryad.646,1,1,1,1,1,1,1,1,1,1,1,1,0,2019-05-20T14:18:32.884+00:00
oai:secundus.datadryad.org:10255/dryad.651,1,1,1,1,1,1,1,1,1,1,1,1,1,2019-05-20T14:18:32.886+00:00
oai:secundus.datadryad.org:10255/dryad.650,1,1,1,1,1,1,1,1,1,1,1,1,0,2019-05-20T14:18:32.889+00:00
oai:secundus.datadryad.org:10255/dryad.654,1,1,1,1,1,1,1,1,1,1,1,1,1,2019-05-20T14:18:32.890+00:00
oai:secundus.datadryad.org:10255/dryad.653,1,1,1,1,1,1,1,1,1,1,1,1,0,2019-05-20T14:18:32.894+00:00
oai:secundus.datadryad.org:10255/dryad.657,1,1,1,1,1,1,1,1,1,1,1,1,1,2019-05-20T14:18:32.895+00:00
oai:secundus.datadryad.org:10255/dryad.658,1,1,1,1,1,1,1,1,1,1,1,1,1,2019-05-20T14:18:32.898+00:00
oai:secundus.datadryad.org:10255/dryad.659,1,1,1,1,1,1,1,1,1,1,1,1,1,2019-05-20T14:18:32.901+00:00
oai:secundus.datadryad.org:10255/dryad.660,1,1,1,1,1,1,1,1,1,1,1,1,1,2019-05-20T14:18:32.904+00:00
oai:secundus.datadryad.org:10255/dryad.661,1,1,1,1,1,1,1,1,1,1,1,1,1,2019-05-20T14:18:32.907+00:00
oai:secundus.datadryad.org:10255/dryad.662,1,1,1,1,1,1,1,1,1,1,1,1,1,2019-05-20T14:18:32.910+00:00
oai:secundus.datadryad.org:10255/dryad.656,1,1,1,1,1,1,1,1,1,1,1,1,0,2019-05-20T14:18:32.913+00:00
oai:secundus.datadryad.org:10255/dryad.666,1,1,1,1,1,1,1,1,1,1,1,1,1,2019-05-20T14:18:32.915+00:00
oai:secundus.datadryad.org:10255/dryad.667,1,1,1,1,1,1,1,1,1,1,1,1,1,2019-05-20T14:18:32.918+00:00
oai:secundus.datadryad.org:10255/dryad.665,1,1,1,1,1,1,1,1,1,1,1,1,0,2019-05-20T14:18:32.922+00:00
oai:secundus.datadryad.org:10255/dryad.669,1,1,1,1,1,1,1,1,1,1,1,1,1,2019-05-20T14:18:32.924+00:00
oai:secundus.datadryad.org:10255/dryad.670,1,1,1,1,1,1,1,1,1,1,1,1,0,2019-05-20T14:18:32.926+00:00
oai:secundus.datadryad.org:10255/dryad.672,1,1,1,1,1,1,1,1,1,1,1,1,1,2019-05-20T14:18:32.928+00:00
oai:secundus.datadryad.org:10255/dryad.671,1,1,1,1,1,1,1,1,1,1,1,1,0,2019-05-20T14:18:32.931+00:00
oai:secundus.datadryad.org:10255/dryad.675,1,1,1,1,1,1,1,1,1,1,1,1,1,2019-05-20T14:18:32.934+00:00
oai:secundus.datadryad.org:10255/dryad.674,1,1,1,1,1,1,1,1,1,1,1,1,0,2019-05-20T14:18:32.937+00:00
oai:secundus.datadryad.org:10255/dryad.679,1,1,1,1,1,1,1,1,1,1,1,1,1,2019-05-20T14:18:32.939+00:00
oai:secundus.datadryad.org:10255/dryad.680,1,1,1,1,1,1,1,1,1,1,1,1,1,2019-05-20T14:18:32.943+00:00
oai:secundus.datadryad.org:10255/dryad.681,1,1,1,1,1,1,1,1,1,1,1,1,1,2019-05-20T14:18:32.946+00:00
oai:secundus.datadryad.org:10255/dryad.682,1,1,1,1,1,1,1,1,1,1,1,1,1,2019-05-20T14:18:32.948+00:00
oai:secundus.datadryad.org:10255/dryad.678,1,1,1,1,1,1,1,1,1,1,1,1,0,2019-05-20T14:18:32.952+00:00
oai:secundus.datadryad.org:10255/dryad.685,1,1,1,1,1,1,1,1,1,1,1,1,1,2019-05-20T14:18:32.954+00:00
oai:secundus.datadryad.org:10255/dryad.686,1,1,1,1,1,1,1,1,1,1,1,1,1,2019-05-20T14:18:32.957+00:00
oai:secundus.datadryad.org:10255/dryad.687,1,1,1,1,1,1,1,1,1,1,1,1,1,2019-05-20T14:18:32.960+00:00
oai:secundus.datadryad.org:10255/dryad.688,1,1,1,1,1,1,1,1,1,1,1,1,1,2019-05-20T14:18:32.963+00:00
oai:secundus.datadryad.org:10255/dryad.684,1,1,1,1,1,1,1,1,1,1,1,1,0,2019-05-20T14:18:32.966+00:00
oai:secundus.datadryad.org:10255/dryad.692,1,1,1,1,1,1,1,1,1,1,1,1,1,2019-05-20T14:18:32.968+00:00
oai:secundus.datadryad.org:10255/dryad.695,1,1,1,1,1,1,1,1,1,1,1,1,1,2019-05-20T14:18:32.971+00:00
oai:secundus.datadryad.org:10255/dryad.696,1,1,1,1,1,1,1,1,1,1,1,1,1,2019-05-20T14:18:32.975+00:00
oai:secundus.datadryad.org:10255/dryad.697,1,1,1,1,1,1,1,1,1,1,1,1,1,2019-05-20T14:18:32.978+00:00
oai:secundus.datadryad.org:10255/dryad.698,1,1,1,1,1,1,1,1,1,1,1,1,1,2019-05-20T14:18:32.984+00:00
oai:secundus.datadryad.org:10255/dryad.699,1,1,1,1,1,1,1,1,1,1,1,1,1,2019-05-20T14:18:32.987+00:00
oai:secundus.datadryad.org:10255/dryad.700,1,1,1,1,1,1,1,1,1,1,1,1,1,2019-05-20T14:18:32.990+00:00
oai:secundus.datadryad.org:10255/dryad.701,1,1,1,1,1,1,1,1,1,1,1,1,1,2019-05-20T14:18:32.993+00:00
oai:secundus.datadryad.org:10255/dryad.702,1,1,1,1,1,1,1,1,1,1,1,1,1,2019-05-20T14:18:32.996+00:00
oai:secundus.datadryad.org:10255/dryad.703,1,1,1,1,1,1,1,1,1,1,1,1,1,2019-05-20T14:18:32.999+00:00
oai:secundus.datadryad.org:10255/dryad.694,1,1,1,1,1,1,1,1,1,1,1,1,0,2019-05-20T14:18:33.004+00:00
oai:secundus.datadryad.org:10255/dryad.706,1,1,1,1,1,1,1,1,1,1,1,1,1,2019-05-20T14:18:33.006+00:00
oai:secundus.datadryad.org:10255/dryad.705,1,1,1,1,1,1,1,1,1,1,1,1,0,2019-05-20T14:18:33.009+00:00
oai:secundus.datadryad.org:10255/dryad.709,1,1,1,1,1,1,1,1,1,1,1,1,1,2019-05-20T14:18:33.011+00:00
oai:secundus.datadryad.org:10255/dryad.708,1,1,1,1,1,1,1,1,1,1,1,1,0,2019-05-20T14:18:33.014+00:00
oai:secundus.datadryad.org:10255/dryad.713,1,1,1,1,1,1,1,1,1,1,1,1,1,2019-05-20T14:18:33.016+00:00
oai:secundus.datadryad.org:10255/dryad.712,1,1,1,1,1,1,1,1,1,1,1,1,0,2019-05-20T14:18:33.022+00:00
oai:secundus.datadryad.org:10255/dryad.717,1,1,1,1,1,1,1,1,1,1,1,1,1,2019-05-20T14:18:33.024+00:00
oai:secundus.datadryad.org:10255/dryad.718,1,1,1,1,1,1,1,1,1,1,1,1,1,2019-05-20T14:18:33.027+00:00
oai:secundus.datadryad.org:10255/dryad.716,1,1,1,1,1,1,1,1,1,1,1,1,0,2019-05-20T14:18:33.030+00:00
oai:secundus.datadryad.org:10255/dryad.721,1,1,1,1,1,1,1,1,1,1,1,1,1,2019-05-20T14:18:33.032+00:00
oai:secundus.datadryad.org:10255/dryad.720,1,1,1,1,1,1,1,1,1,1,1,1,0,2019-05-20T14:18:33.035+00:00
oai:secundus.datadryad.org:10255/dryad.724,1,1,1,1,1,1,1,1,1,1,1,1,1,2019-05-20T14:18:33.037+00:00
oai:secundus.datadryad.org:10255/dryad.725,1,1,1,1,1,1,1,1,1,1,1,1,1,2019-05-20T14:18:33.040+00:00
oai:secundus.datadryad.org:10255/dryad.723,1,1,1,1,1,1,1,1,1,1,1,1,0,2019-05-20T14:18:33.043+00:00
oai:secundus.datadryad.org:10255/dryad.728,1,1,1,1,1,1,1,1,1,1,1,1,1,2019-05-20T14:18:33.045+00:00
oai:secundus.datadryad.org:10255/dryad.727,1,1,1,1,1,1,1,1,1,1,1,1,0,2019-05-20T14:18:33.048+00:00
oai:secundus.datadryad.org:10255/dryad.732,1,1,1,1,1,1,1,1,1,1,1,1,1,2019-05-20T14:18:33.050+00:00
oai:secundus.datadryad.org:10255/dryad.731,1,1,1,1,1,1,1,1,1,1,1,1,0,2019-05-20T14:18:33.053+00:00
oai:secundus.datadryad.org:10255/dryad.735,1,1,1,1,1,1,1,1,1,1,1,1,1,2019-05-20T14:18:33.055+00:00
oai:secundus.datadryad.org:10255/dryad.734,1,1,1,1,1,1,1,1,1,1,1,1,0,2019-05-20T14:18:33.059+00:00
oai:secundus.datadryad.org:10255/dryad.738,1,1,1,1,1,1,1,1,1,1,1,1,1,2019-05-20T14:18:33.061+00:00
oai:secundus.datadryad.org:10255/dryad.737,1,1,1,1,1,1,1,1,1,1,1,1,0,2019-05-20T14:18:33.065+00:00
oai:secundus.datadryad.org:10255/dryad.741,1,1,1,1,1,1,1,1,1,1,1,1,1,2019-05-20T14:18:33.067+00:00
oai:secundus.datadryad.org:10255/dryad.740,1,1,1,1,1,1,1,1,1,1,1,1,0,2019-05-20T14:18:33.071+00:00
oai:secundus.datadryad.org:10255/dryad.744,1,1,1,1,1,1,1,1,1,1,1,1,1,2019-05-20T14:18:33.073+00:00
oai:secundus.datadryad.org:10255/dryad.745,1,1,1,1,1,1,1,1,1,1,1,1,1,2019-05-20T14:18:33.076+00:00
oai:secundus.datadryad.org:10255/dryad.746,1,1,1,1,1,1,1,1,1,1,1,1,1,2019-05-20T14:18:33.079+00:00
oai:secundus.datadryad.org:10255/dryad.747,1,1,1,1,1,1,1,1,1,1,1,1,1,2019-05-20T14:18:33.082+00:00
oai:secundus.datadryad.org:10255/dryad.748,1,1,1,1,1,1,1,1,1,1,1,1,1,2019-05-20T14:18:33.085+00:00
oai:secundus.datadryad.org:10255/dryad.749,1,1,1,1,1,1,1,1,1,1,1,1,1,2019-05-20T14:18:33.088+00:00
oai:secundus.datadryad.org:10255/dryad.750,1,1,1,1,1,1,1,1,1,1,1,1,1,2019-05-20T14:18:33.091+00:00
oai:secundus.datadryad.org:10255/dryad.751,1,1,1,1,1,1,1,1,1,1,1,1,1,2019-05-20T14:18:33.094+00:00
oai:secundus.datadryad.org:10255/dryad.752,1,1,1,1,1,1,1,1,1,1,1,1,1,2019-05-20T14:18:33.097+00:00
oai:secundus.datadryad.org:10255/dryad.753,1,1,1,1,1,1,1,1,1,1,1,1,1,2019-05-20T14:18:33.100+00:00
oai:secundus.datadryad.org:10255/dryad.754,1,1,1,1,1,1,1,1,1,1,1,1,1,2019-05-20T14:18:33.103+00:00
oai:secundus.datadryad.org:10255/dryad.755,1,1,1,1,1,1,1,1,1,1,1,1,1,2019-05-20T14:18:33.106+00:00
oai:secundus.datadryad.org:10255/dryad.756,1,1,1,1,1,1,1,1,1,1,1,1,1,2019-05-20T14:18:33.109+00:00
oai:secundus.datadryad.org:10255/dryad.757,1,1,1,1,1,1,1,1,1,1,1,1,1,2019-05-20T14:18:33.112+00:00
oai:secundus.datadryad.org:10255/dryad.758,1,1,1,1,1,1,1,1,1,1,1,1,1,2019-05-20T14:18:33.115+00:00
oai:secundus.datadryad.org:10255/dryad.759,1,1,1,1,1,1,1,1,1,1,1,1,1,2019-05-20T14:18:33.118+00:00
oai:secundus.datadryad.org:10255/dryad.760,1,1,1,1,1,1,1,1,1,1,1,1,1,2019-05-20T14:18:33.121+00:00
oai:secundus.datadryad.org:10255/dryad.761,1,1,1,1,1,1,1,1,1,1,1,1,1,2019-05-20T14:18:33.125+00:00
oai:secundus.datadryad.org:10255/dryad.743,1,1,1,1,1,1,1,1,1,1,1,1,0,2019-05-20T14:18:34.480+00:00
oai:secundus.datadryad.org:10255/dryad.764,1,1,1,1,1,1,1,1,1,1,1,1,1,2019-05-20T14:18:34.482+00:00
oai:secundus.datadryad.org:10255/dryad.765,1,1,1,1,1,1,1,1,1,1,1,1,1,2019-05-20T14:18:34.488+00:00
oai:secundus.datadryad.org:10255/dryad.763,1,1,1,1,1,1,1,1,1,1,1,1,0,2019-05-20T14:18:34.491+00:00
oai:secundus.datadryad.org:10255/dryad.769,1,1,1,1,1,1,1,1,1,1,1,1,1,2019-05-20T14:18:34.493+00:00
oai:secundus.datadryad.org:10255/dryad.770,1,1,1,1,1,1,1,1,1,1,1,1,1,2019-05-20T14:18:34.496+00:00
oai:secundus.datadryad.org:10255/dryad.768,1,1,1,1,1,1,1,1,1,1,1,1,0,2019-05-20T14:18:34.499+00:00
oai:secundus.datadryad.org:10255/dryad.773,1,1,1,1,1,1,1,1,1,1,1,1,1,2019-05-20T14:18:34.501+00:00
oai:secundus.datadryad.org:10255/dryad.772,1,1,1,1,1,1,1,1,1,1,1,1,0,2019-05-20T14:18:34.508+00:00
oai:secundus.datadryad.org:10255/dryad.776,1,1,1,1,1,1,1,1,1,1,1,1,1,2019-05-20T14:18:34.510+00:00
oai:secundus.datadryad.org:10255/dryad.775,1,1,1,1,1,1,1,1,1,1,1,1,0,2019-05-20T14:18:34.513+00:00
oai:secundus.datadryad.org:10255/dryad.779,1,1,1,1,1,1,1,1,1,1,1,1,1,2019-05-20T14:18:34.515+00:00
oai:secundus.datadryad.org:10255/dryad.778,1,1,1,1,1,1,1,1,1,1,1,1,0,2019-05-20T14:18:34.519+00:00
oai:secundus.datadryad.org:10255/dryad.783,1,1,1,1,1,1,1,1,1,1,1,1,1,2019-05-20T14:18:34.521+00:00
oai:secundus.datadryad.org:10255/dryad.782,1,1,1,1,1,1,1,1,1,1,1,1,0,2019-05-20T14:18:34.525+00:00
oai:secundus.datadryad.org:10255/dryad.786,1,1,1,1,1,1,1,1,1,1,1,1,1,2019-05-20T14:18:34.527+00:00
oai:secundus.datadryad.org:10255/dryad.785,1,1,1,1,1,1,1,1,1,1,1,1,0,2019-05-20T14:18:34.530+00:00
oai:secundus.datadryad.org:10255/dryad.789,1,1,1,1,1,1,1,1,1,1,1,1,1,2019-05-20T14:18:34.532+00:00
oai:secundus.datadryad.org:10255/dryad.788,1,1,1,1,1,1,1,1,1,1,1,1,0,2019-05-20T14:18:34.535+00:00
oai:secundus.datadryad.org:10255/dryad.792,1,1,1,1,1,1,1,1,1,1,1,1,1,2019-05-20T14:18:34.537+00:00
oai:secundus.datadryad.org:10255/dryad.793,1,1,1,1,1,1,1,1,1,1,1,1,1,2019-05-20T14:18:34.541+00:00
oai:secundus.datadryad.org:10255/dryad.794,1,1,1,1,1,1,1,1,1,1,1,1,1,2019-05-20T14:18:34.545+00:00
oai:secundus.datadryad.org:10255/dryad.795,1,1,1,1,1,1,1,1,1,1,1,1,1,2019-05-20T14:18:34.549+00:00
oai:secundus.datadryad.org:10255/dryad.796,1,1,1,1,1,1,1,1,1,1,1,1,1,2019-05-20T14:18:34.553+00:00
oai:secundus.datadryad.org:10255/dryad.791,1,1,1,1,1,1,1,1,1,1,1,1,0,2019-05-20T14:18:34.557+00:00
oai:secundus.datadryad.org:10255/dryad.800,1,1,1,1,1,1,1,1,1,1,1,1,1,2019-05-20T14:18:34.559+00:00
oai:secundus.datadryad.org:10255/dryad.799,1,1,1,1,1,1,1,1,1,1,1,1,0,2019-05-20T14:18:34.564+00:00
oai:secundus.datadryad.org:10255/dryad.803,1,1,1,1,1,1,1,1,1,1,1,1,1,2019-05-20T14:18:34.566+00:00
oai:secundus.datadryad.org:10255/dryad.804,1,1,1,1,1,1,1,1,1,1,1,1,1,2019-05-20T14:18:34.573+00:00
oai:secundus.datadryad.org:10255/dryad.805,1,1,1,1,1,1,1,1,1,1,1,1,1,2019-05-20T14:18:34.576+00:00
oai:secundus.datadryad.org:10255/dryad.806,1,1,1,1,1,1,1,1,1,1,1,1,1,2019-05-20T14:18:34.580+00:00
oai:secundus.datadryad.org:10255/dryad.807,1,1,1,1,1,1,1,1,1,1,1,1,1,2019-05-20T14:18:34.584+00:00
oai:secundus.datadryad.org:10255/dryad.808,1,1,1,1,1,1,1,1,1,1,1,1,1,2019-05-20T14:18:34.590+00:00
oai:secundus.datadryad.org:10255/dryad.809,1,1,1,1,1,1,1,1,1,1,1,1,1,2019-05-20T14:18:34.594+00:00
oai:secundus.datadryad.org:10255/dryad.810,1,1,1,1,1,1,1,1,1,1,1,1,1,2019-05-20T14:18:34.598+00:00
oai:secundus.datadryad.org:10255/dryad.811,1,1,1,1,1,1,1,1,1,1,1,1,1,2019-05-20T14:18:34.602+00:00
oai:secundus.datadryad.org:10255/dryad.812,1,1,1,1,1,1,1,1,1,1,1,1,1,2019-05-20T14:18:34.606+00:00
oai:secundus.datadryad.org:10255/dryad.813,1,1,1,1,1,1,1,1,1,1,1,1,1,2019-05-20T14:18:34.610+00:00
oai:secundus.datadryad.org:10255/dryad.814,1,1,1,1,1,1,1,1,1,1,1,1,1,2019-05-20T14:18:34.614+00:00
oai:secundus.datadryad.org:10255/dryad.815,1,1,1,1,1,1,1,1,1,1,1,1,1,2019-05-20T14:18:34.618+00:00
oai:secundus.datadryad.org:10255/dryad.816,1,1,1,1,1,1,1,1,1,1,1,1,1,2019-05-20T14:18:34.622+00:00
oai:secundus.datadryad.org:10255/dryad.817,1,1,1,1,1,1,1,1,1,1,1,1,1,2019-05-20T14:18:34.626+00:00
oai:secundus.datadryad.org:10255/dryad.802,1,1,1,1,1,1,1,1,1,1,1,1,0,2019-05-20T14:18:34.630+00:00
oai:secundus.datadryad.org:10255/dryad.821,1,1,1,1,1,1,1,1,1,1,1,1,1,2019-05-20T14:18:34.632+00:00
oai:secundus.datadryad.org:10255/dryad.820,1,1,1,1,1,1,1,1,1,1,1,1,0,2019-05-20T14:18:34.635+00:00
oai:secundus.datadryad.org:10255/dryad.824,1,1,1,1,1,1,1,1,1,1,1,1,1,2019-05-20T14:18:34.637+00:00
oai:secundus.datadryad.org:10255/dryad.823,1,1,1,1,1,1,1,1,1,1,1,1,0,2019-05-20T14:18:34.643+00:00
oai:secundus.datadryad.org:10255/dryad.830,1,1,1,1,1,1,1,1,1,1,1,1,1,2019-05-20T14:18:34.645+00:00
oai:secundus.datadryad.org:10255/dryad.829,1,1,1,1,1,1,1,1,1,1,1,1,0,2019-05-20T14:18:34.649+00:00
oai:secundus.datadryad.org:10255/dryad.834,1,1,1,1,1,1,1,1,1,1,1,1,1,2019-05-20T14:18:34.651+00:00
oai:secundus.datadryad.org:10255/dryad.833,1,1,1,1,1,1,1,1,1,1,1,1,0,2019-05-20T14:18:34.656+00:00
oai:secundus.datadryad.org:10255/dryad.837,1,1,1,1,1,1,1,1,1,1,1,1,1,2019-05-20T14:18:34.658+00:00
oai:secundus.datadryad.org:10255/dryad.838,1,1,1,1,1,1,1,1,1,1,1,1,1,2019-05-20T14:18:34.662+00:00
oai:secundus.datadryad.org:10255/dryad.836,1,1,1,1,1,1,1,1,1,1,1,1,0,2019-05-20T14:18:34.666+00:00
oai:secundus.datadryad.org:10255/dryad.842,1,1,1,1,1,1,1,1,1,1,1,1,1,2019-05-20T14:18:34.668+00:00
oai:secundus.datadryad.org:10255/dryad.841,1,1,1,1,1,1,1,1,1,1,1,1,0,2019-05-20T14:18:34.671+00:00
oai:secundus.datadryad.org:10255/dryad.846,1,1,1,1,1,1,1,1,1,1,1,1,1,2019-05-20T14:18:34.673+00:00
oai:secundus.datadryad.org:10255/dryad.847,1,1,1,1,1,1,1,1,1,1,1,1,1,2019-05-20T14:18:34.677+00:00
oai:secundus.datadryad.org:10255/dryad.848,1,1,1,1,1,1,1,1,1,1,1,1,1,2019-05-20T14:18:34.681+00:00
oai:secundus.datadryad.org:10255/dryad.849,1,1,1,1,1,1,1,1,1,1,1,1,1,2019-05-20T14:18:34.685+00:00
oai:secundus.datadryad.org:10255/dryad.845,1,1,1,1,1,1,1,1,1,1,1,1,0,2019-05-20T14:18:34.689+00:00
oai:secundus.datadryad.org:10255/dryad.853,1,1,1,1,1,1,1,1,1,1,1,1,1,2019-05-20T14:18:34.691+00:00
oai:secundus.datadryad.org:10255/dryad.852,1,1,1,1,1,1,1,1,1,1,1,1,0,2019-05-20T14:18:34.695+00:00
oai:secundus.datadryad.org:10255/dryad.855,1,1,1,1,1,1,1,1,1,1,1,1,0,2019-05-20T14:18:34.697+00:00
oai:secundus.datadryad.org:10255/dryad.858,1,1,1,1,1,1,1,1,1,1,1,1,1,2019-05-20T14:18:34.699+00:00
oai:secundus.datadryad.org:10255/dryad.857,1,1,1,1,1,1,1,1,1,1,1,1,0,2019-05-20T14:18:34.706+00:00
oai:secundus.datadryad.org:10255/dryad.862,1,1,1,1,1,1,1,1,1,1,1,1,1,2019-05-20T14:18:34.708+00:00
oai:secundus.datadryad.org:10255/dryad.864,1,1,1,1,1,1,1,1,1,1,1,1,0,2019-05-20T14:18:34.713+00:00
oai:secundus.datadryad.org:10255/dryad.865,1,1,1,1,1,1,1,1,1,1,1,1,1,2019-05-20T14:18:34.715+00:00
oai:secundus.datadryad.org:10255/dryad.868,1,1,1,1,1,1,1,1,1,1,1,1,0,2019-05-20T14:18:34.721+00:00
oai:secundus.datadryad.org:10255/dryad.869,1,1,1,1,1,1,1,1,1,1,1,1,1,2019-05-20T14:18:34.723+00:00
oai:secundus.datadryad.org:10255/dryad.870,1,1,1,1,1,1,1,1,1,1,1,1,1,2019-05-20T14:18:34.727+00:00
oai:secundus.datadryad.org:10255/dryad.888,1,1,1,1,1,1,1,1,1,1,1,1,1,2019-05-20T14:18:34.730+00:00
oai:secundus.datadryad.org:10255/dryad.889,1,1,1,1,1,1,1,1,1,1,1,1,1,2019-05-20T14:18:34.733+00:00
oai:secundus.datadryad.org:10255/dryad.890,1,1,1,1,1,1,1,1,1,1,1,1,1,2019-05-20T14:18:34.735+00:00
oai:secundus.datadryad.org:10255/dryad.891,1,1,1,1,1,1,1,1,1,1,1,1,1,2019-05-20T14:18:34.738+00:00
oai:secundus.datadryad.org:10255/dryad.892,1,1,1,1,1,1,1,1,1,1,1,1,1,2019-05-20T14:18:34.742+00:00
oai:secundus.datadryad.org:10255/dryad.893,1,1,1,1,1,1,1,1,1,1,1,1,1,2019-05-20T14:18:34.745+00:00
oai:secundus.datadryad.org:10255/dryad.887,1,1,1,1,1,1,1,1,1,1,1,1,0,2019-05-20T14:18:34.748+00:00
oai:secundus.datadryad.org:10255/dryad.901,1,1,1,1,1,1,1,1,1,1,1,1,1,2019-05-20T14:18:34.750+00:00
oai:secundus.datadryad.org:10255/dryad.902,1,1,1,1,1,1,1,1,1,1,1,1,1,2019-05-20T14:18:34.755+00:00
oai:secundus.datadryad.org:10255/dryad.903,1,1,1,1,1,1,1,1,1,1,1,1,1,2019-05-20T14:18:34.759+00:00
oai:secundus.datadryad.org:10255/dryad.904,1,1,1,1,1,1,1,1,1,1,1,1,1,2019-05-20T14:18:34.762+00:00
oai:secundus.datadryad.org:10255/dryad.905,1,1,1,1,1,1,1,1,1,1,1,1,1,2019-05-20T14:18:34.765+00:00
oai:secundus.datadryad.org:10255/dryad.900,1,1,1,1,1,1,1,1,1,1,1,1,0,2019-05-20T14:18:34.768+00:00
oai:secundus.datadryad.org:10255/dryad.908,1,1,1,1,1,1,1,1,1,1,1,1,0,2019-05-20T14:18:34.770+00:00
oai:secundus.datadryad.org:10255/dryad.910,1,1,1,1,1,1,1,1,1,1,1,1,1,2019-05-20T14:18:34.772+00:00
oai:secundus.datadryad.org:10255/dryad.909,1,1,1,1,1,1,1,1,1,1,1,1,0,2019-05-20T14:18:34.775+00:00
oai:secundus.datadryad.org:10255/dryad.921,1,1,1,1,1,1,1,1,1,1,1,1,1,2019-05-20T14:18:34.778+00:00
oai:secundus.datadryad.org:10255/dryad.926,1,1,1,1,1,1,1,1,1,1,1,1,1,2019-05-20T14:18:34.781+00:00
oai:secundus.datadryad.org:10255/dryad.929,1,1,1,1,1,1,1,1,1,1,1,1,1,2019-05-20T14:18:34.784+00:00
oai:secundus.datadryad.org:10255/dryad.930,1,1,1,1,1,1,1,1,1,1,1,1,1,2019-05-20T14:18:34.787+00:00
oai:secundus.datadryad.org:10255/dryad.934,1,1,1,1,1,1,1,1,1,1,1,1,1,2019-05-20T14:18:34.790+00:00
oai:secundus.datadryad.org:10255/dryad.935,1,1,1,1,1,1,1,1,1,1,1,1,1,2019-05-20T14:18:34.794+00:00
oai:secundus.datadryad.org:10255/dryad.936,1,1,1,1,1,1,1,1,1,1,1,1,1,2019-05-20T14:18:36.273+00:00
oai:secundus.datadryad.org:10255/dryad.937,1,1,1,1,1,1,1,1,1,1,1,1,1,2019-05-20T14:18:36.279+00:00
oai:secundus.datadryad.org:10255/dryad.933,1,1,1,1,1,1,1,1,1,1,1,1,0,2019-05-20T14:18:36.287+00:00
oai:secundus.datadryad.org:10255/dryad.940,1,1,1,1,1,1,1,1,1,1,1,1,1,2019-05-20T14:18:36.290+00:00
oai:secundus.datadryad.org:10255/dryad.941,1,1,1,1,1,1,1,1,1,1,1,1,1,2019-05-20T14:18:36.293+00:00
oai:secundus.datadryad.org:10255/dryad.942,1,1,1,1,1,1,1,1,1,1,1,1,1,2019-05-20T14:18:36.296+00:00
oai:secundus.datadryad.org:10255/dryad.943,1,1,1,1,1,1,1,1,1,1,1,1,1,2019-05-20T14:18:36.300+00:00